Date,Business Purpose,From,To,Miles,Category,Rate,Amount At Rate,Parking,Tolls,Vehicle,Notes
2025-06-06,Business,high falls oil,home/office,37.0,Business,0.7,25.9,0.0,0.0,🐎,high falls oil return trip · Start: 00:34 · MileIQ
2025-06-08,Business,"53 John Emerson Rd, Siler City, NC, 27344, United States","910 S Holden Rd, Greensboro, NC, Hewitt Area, 27407, United States",39.2,Business,0.7,27.44,0.0,0.0,🐎,Start: 16:23 · MileIQ
2025-06-08,Meeting,"1300 S Holden Rd, Greensboro, NC, Hunter Hills, 27407, United States",home/office,35.8,Business,0.7,25.06,0.0,0.0,🐎,business meeting with parts investor · Start: 18:34 · MileIQ
2025-06-10,Business,home/office,home/office,2.5,Business,0.7,1.75,0.0,0.0,🐎,Start: 18:42 · MileIQ
2025-06-11,Business,home/office,"1401 N 2nd Ave, Siler City, NC, 27344, United States",7.0,Business,0.7,4.9,0.0,0.0,🐎,Start: 14:43 · MileIQ
2025-06-11,Business,"1401 N 2nd Ave, Siler City, NC, 27344, United States",home/office,2.5,Business,0.7,1.75,0.0,0.0,🐎,Start: 15:15 · MileIQ
2025-06-12,Business,"475 Progress Blvd, Siler City, NC, 27344, United States","107 Food Lion Plaza, Siler City, NC, 27344, United States",2.6,Business,0.7,1.82,0.0,0.0,🐎,Start: 08:09 · MileIQ
2025-06-12,Business,"1605 E 11th St, Siler City, NC, 27344, United States",home/office,4.7,Business,0.7,3.29,0.0,0.0,🐎,Start: 08:34 · MileIQ
2025-06-15,solicitation,home/office,"910 S Holden Rd, Greensboro, NC, Hewitt Area, 27407, United States",39.6,Business,0.7,27.72,0.0,0.0,🐎,advertising & regional customer relations. Solicitations. · Start: 13:27 · MileIQ
2025-06-15,Business,"910 S Holden Rd, Greensboro, NC, Hewitt Area, 27407, United States","1101 NC-61, Whitsett, NC, 27377, United States",18.1,Business,0.7,12.67,0.0,0.0,🐎,Start: 14:25 · MileIQ
2025-06-15,solicitation,"1101 NC-61, Whitsett, NC, 27377, United States","7122 Burlington Rd, Whitsett, NC, 27377, United States",1.0,Business,0.7,0.7,0.0,0.0,🐎,soliciting enroute · Start: 15:45 · MileIQ
2025-06-15,Business,"7122 Burlington Rd, Whitsett, NC, 27377, United States",home/office,41.6,Business,0.7,29.12,0.0,0.0,🐎,solicitations travel. · Start: 15:58 · MileIQ
2025-06-15,vehicle maintenance,home/office,"1401 E 11th St, Siler City, NC, 27344, United States",2.7,Business,0.7,1.89,0.0,0.0,🐎,Start: 19:11 · MileIQ
2025-06-15,vehicle maintenance,"1401 E 11th St, Siler City, NC, 27344, United States",home/office,5.2,Business,0.7,3.64,0.0,0.0,🐎,Start: 19:25 · MileIQ
2025-06-16,Business,"1615 W 3rd St, Siler City, NC, 27344, United States","1401 E 11th St, Siler City, NC, 27344, United States",4.3,Business,0.7,3.01,0.0,0.0,🐎,Start: 17:11 · MileIQ
2025-06-16,Business,"1401 E 11th St, Siler City, NC, 27344, United States",home/office,6.2,Business,0.7,4.34,0.0,0.0,🐎,Start: 17:33 · MileIQ
2025-06-16,Business,"1734 W 3rd St, Siler City, NC, 27344, United States",home/office,2.4,Business,0.7,1.68,0.0,0.0,🐎,Start: 20:55 · MileIQ
2025-06-18,Business,"53 John Emerson Rd, Siler City, NC, 27344, United States",home/office,19.2,Business,0.7,13.44,0.0,0.0,🐎,Start: 10:42 · MileIQ
2025-06-22,Business,home/office,"916 Meade Dr, Greensboro, NC, Hamilton Hills, 27410, United States",46.7,Business,0.7,32.69,0.0,0.0,🐎,Start: 14:00 · MileIQ
2025-06-22,Business,"914 Meade Dr, Greensboro, NC, Hamilton Hills, 27410, United States","910 S Holden Rd, Greensboro, NC, Hewitt Area, 27407, United States",2.9,Business,0.7,2.03,0.0,0.0,🐎,Start: 16:53 · MileIQ
2025-06-22,Business,"900 S Holden Rd, Greensboro, NC, Hewitt Area, 27407, United States","916 Meade Dr, Greensboro, NC, Hamilton Hills, 27410, United States",3.5,Business,0.7,2.45,0.0,0.0,🐎,Start: 18:15 · MileIQ
2025-06-22,Business,"602 Muirs Chapel Rd, Greensboro, NC, Hamilton Hills, 27410, United States","1101 NC-61, Whitsett, NC, 27377, United States",32.0,Business,0.7,22.4,0.0,0.0,🐎,Start: 23:25 · MileIQ
2025-06-23,Business,"1101 NC-61, Whitsett, NC, 27377, United States",home/office,41.0,Business,0.7,28.7,0.0,0.0,🐎,Start: 00:46 · MileIQ
2025-06-24,Business,"1548 W 3rd St, Siler City, NC, 27344, United States","14215 US-64, Siler City, NC, 27344, United States",3.9,Business,0.7,2.73,0.0,0.0,🐎,Start: 17:53 · MileIQ
2025-06-24,Business,"14215 US-64, Siler City, NC, 27344, United States",home/office,9.2,Business,0.7,6.44,0.0,0.0,🐎,Start: 18:34 · MileIQ
2025-06-27,Business,"53 John Emerson Rd, Siler City, NC, 27344, United States",home/office,5.1,Business,0.7,3.57,0.0,0.0,🐎,Start: 23:41 · MileIQ
2025-06-28,Business,"146 Headen Rd, Siler City, NC, 27344, United States","5740 Virginia Ave, Bassett, VA, 24055, United States",95.3,Business,0.7,66.71,0.0,0.0,🐎,Start: 14:26 · MileIQ
2025-06-28,Business,"5740 Virginia Ave, Bassett, VA, 24055, United States","3804 Amber Way Cir SW, Roanoke, VA, 24018, United States",46.0,Business,0.7,32.2,0.0,0.0,🐎,Start: 15:57 · MileIQ
2025-06-28,Business,"3804 Amber Way Cir SW, Roanoke, VA, 24018, United States","1605 E 11th St, Siler City, NC, 27344, United States",141.1,Business,0.7,98.77,0.0,0.0,🐎,Start: 19:19 · MileIQ
2025-06-28,vehicle maintenance,"1401 E 11th St, Siler City, NC, 27344, United States",home/office,4.8,Business,0.7,3.36,0.0,0.0,🐎,Start: 21:51 · MileIQ
2025-06-29,Business,"1671 W 3rd St, Siler City, NC, 27344, United States","1036 Randolph St, Thomasville, NC, 27360, United States",51.0,Business,0.7,35.7,0.0,0.0,🐎,Start: 14:41 · MileIQ
2025-06-29,Business,"1115 Randolph St, Thomasville, NC, 27360, United States","910 S Holden Rd, Greensboro, NC, Hewitt Area, 27407, United States",21.7,Business,0.7,15.19,0.0,0.0,🐎,Start: 16:07 · MileIQ
2025-06-29,Business,"1300 S Holden Rd, Greensboro, NC, Hunter Hills, 27407, United States","1101 NC-61, Whitsett, NC, 27377, United States",18.7,Business,0.7,13.09,0.0,0.0,🐎,Start: 17:38 · MileIQ
2025-06-29,Business,"138 I-85, Burlington, NC, 27215, United States","208 Exchange Pl, Greensboro, NC, Downtown, 27401, United States",14.1,Business,0.7,9.87,0.0,0.0,🐎,Start: 19:12 · MileIQ
2025-06-29,Business,"224 W McGee St, Greensboro, NC, Downtown, 27401, United States","3103 Alder Way, Greensboro, NC, Holden Farms, 27407, United States",5.2,Business,0.7,3.64,0.0,0.0,🐎,Start: 20:48 · MileIQ
2025-06-29,Business,"3103 Alder Way, Greensboro, NC, Holden Farms, 27407, United States",home/office,34.1,Business,0.7,23.87,0.0,0.0,🐎,Start: 21:07 · MileIQ
2025-06-30,Business,"1133 W 3rd St, Siler City, NC, 27344, United States",home/office,6.4,Business,0.7,4.48,0.0,0.0,🐎,Start: 14:18 · MileIQ
2025-07-02,Business,"53 John Emerson Rd, Siler City, NC, 27344, United States","1605 E 11th St, Siler City, NC, 27344, United States",3.9,Business,0.7,2.73,0.0,0.0,🐎,Start: 15:56 · MileIQ
2025-07-02,Business,"1605 E 11th St, Siler City, NC, 27344, United States",home/office,5.4,Business,0.7,3.78,0.0,0.0,🐎,Start: 16:12 · MileIQ
2025-07-03,Business,"53 John Emerson Rd, Siler City, NC, 27344, United States","8605 Triad Dr, Greensboro, NC, Colfax, 27235, United States",47.6,Business,0.7,33.32,0.0,0.0,🐎,Start: 13:53 · MileIQ
2025-07-03,Business,"8841 Neville Rd, Greensboro, NC, Colfax, 27235, United States","4519 W Market St, Greensboro, NC, 27407, United States",64.9,Business,0.7,45.43,0.0,0.0,🐎,Start: 15:01 · MileIQ
2025-07-03,Business,"4519 W Market St, Greensboro, NC, 27407, United States",home/office,43.4,Business,0.7,30.38,0.0,0.0,🐎,Start: 17:23 · MileIQ
2025-07-06,Meeting,"2200 W 3rd St, Siler City, NC, 27344, United States","3101 Alder Way, Greensboro, NC, Holden Farms, 27407, United States",35.0,Business,0.7,24.5,0.0,0.0,🐎,Start: 09:05 · MileIQ
2025-07-06,solicitation,"3103 Alder Way, Greensboro, NC, Holden Farms, 27407, United States","4519 W Market St, Greensboro, NC, Starmount Forest, 27407, United States",4.4,Business,0.7,3.08,0.0,0.0,🐎,Start: 10:53 · MileIQ
2025-07-06,solicitation,"4513 W Market St, Greensboro, NC, 27407, United States","3021 Spring Garden St, Greensboro, NC, Hewitt Area, 27403, United States",1.3,Business,0.7,0.91,0.0,0.0,🐎,Start: 12:02 · MileIQ
2025-07-06,Business,"910 S Holden Rd, Greensboro, NC, Hewitt Area, 27407, United States","916 Meade Dr, Greensboro, NC, Hamilton Hills, 27410, United States",9.9,Business,0.7,6.93,0.0,0.0,🐎,Start: 13:18 · MileIQ
2025-07-06,Business,"916 Meade Dr, Greensboro, NC, Hamilton Hills, 27410, United States","1101 NC-61, Whitsett, NC, 27377, United States",27.0,Business,0.7,18.9,0.0,0.0,🐎,Start: 15:01 · MileIQ
2025-07-06,vehicle maintenance,"1101 NC-61, Whitsett, NC, 27377, United States","910 S Holden Rd, Greensboro, NC, Hewitt Area, 27407, United States",17.9,Business,0.7,12.53,0.0,0.0,🐎,Start: 16:33 · MileIQ
2025-07-06,vehicle maintenance,"910 S Holden Rd, Greensboro, NC, Hewitt Area, 27407, United States",home/office,36.2,Business,0.7,25.34,0.0,0.0,🐎,Start: 18:17 · MileIQ
2025-07-07,Business,"146 Headen Rd, Siler City, NC, 27344, United States","3609 Millennium Dr, Greensboro, NC, 27455, United States",43.1,Business,0.7,30.17,0.0,0.0,🐎,Start: 10:42 · MileIQ
2025-07-07,Business,"3617 Millennium Dr, Greensboro, NC, 27455, United States","1101 NC-61, Whitsett, NC, 27377, United States",23.9,Business,0.7,16.73,0.0,0.0,🐎,Start: 12:20 · MileIQ
2025-07-07,Business,"1101 NC-61, Whitsett, NC, 27377, United States","8567 Linwood-Southmont Rd, Lexington, NC, 27292, United States",54.6,Business,0.7,38.22,0.0,0.0,🐎,Start: 14:39 · MileIQ
2025-07-07,Business,"8567 Linwood-Southmont Rd, Lexington, NC, 27292, United States",home/office,62.8,Business,0.7,43.96,0.0,0.0,🐎,Start: 17:12 · MileIQ
2025-07-09,Business,"2200 W 3rd St, Siler City, NC, 27344, United States","8567 Linwood-Southmont Rd, Lexington, NC, 27292, United States",62.3,Business,0.7,43.61,0.0,0.0,🐎,Start: 08:19 · MileIQ
2025-07-09,Business,"6617 Linwood-Southmont Rd, Lexington, NC, 27292, United States","1309 S Main St, Lexington, NC, 27292, United States",8.4,Business,0.7,5.88,0.0,0.0,🐎,Start: 12:41 · MileIQ
2025-07-09,Business,"1309 S Main St, Lexington, NC, 27292, United States","722 Lake Forest Dr, New London, NC, 28127, United States",30.4,Business,0.7,21.28,0.0,0.0,🐎,Start: 13:19 · MileIQ
2025-07-09,Business,"722 Lake Forest Dr, New London, NC, 28127, United States","8567 Linwood-Southmont Rd, Lexington, NC, 27292, United States",23.8,Business,0.7,16.66,0.0,0.0,🐎,Start: 15:37 · MileIQ
2025-07-09,Business,"8567 Linwood-Southmont Rd, Lexington, NC, 27292, United States","2371 Vienna Dozier Rd, Lewisville, NC, Pfafftown, 27040, United States",60.1,Business,0.7,42.07,0.0,0.0,🐎,Start: 16:34 · MileIQ
2025-07-09,Business,"2371 Vienna Dozier Rd, Lewisville, NC, Pfafftown, 27040, United States",home/office,75.2,Business,0.7,52.64,0.0,0.0,🐎,Start: 21:04 · MileIQ
2025-07-10,Business,"53 John Emerson Rd, Siler City, NC, 27344, United States",home/office,5.6,Business,0.7,3.92,0.0,0.0,🐎,Start: 22:31 · MileIQ
2025-07-11,Business,"1563 W 3rd St, Siler City, NC, 27344, United States","3007 Executive Dr, Greensboro, NC, 27406, United States",39.0,Business,0.7,27.3,0.0,0.0,🐎,Start: 11:17 · MileIQ
2025-07-11,Business,"3009 Executive Dr, Greensboro, NC, 27406, United States","3202 Sandy Ridge Rd, Greensboro, NC, Colfax, 27235, United States",13.6,Business,0.7,9.52,0.0,0.0,🐎,Start: 13:10 · MileIQ
2025-07-11,Business,"2914 Sandy Ridge Rd, Greensboro, NC, Colfax, 27235, United States","Greensboro, NC, 27407, United States",9.3,Business,0.7,6.51,0.0,0.0,🐎,Start: 13:42 · MileIQ
2025-07-11,Business,"3001 Harnett Dr, Greensboro, NC, 27407, United States","916 Meade Dr, Greensboro, NC, Hamilton Hills, 27410, United States",9.0,Business,0.7,6.3,0.0,0.0,🐎,Start: 14:10 · MileIQ
2025-07-11,Business,"1000 Meade Dr, Greensboro, NC, Hamilton Hills, 27410, United States","5803 Hunt Club Rd, Greensboro, NC, 27410, United States",1.6,Business,0.7,1.12,0.0,0.0,🐎,Start: 17:32 · MileIQ
2025-07-11,Business,"5803 Hunt Club Rd, Greensboro, NC, 27410, United States",home/office,46.9,Business,0.7,32.83,0.0,0.0,🐎,Start: 18:12 · MileIQ
2025-07-12,solicitation,"146 Headen Rd, Siler City, NC, 27344, United States","8567 Linwood-Southmont Rd, Lexington, NC, 27292, United States",55.3,Business,0.7,38.71,0.0,0.0,🐎,Start: 12:03 · MileIQ
2025-07-12,solicitation,"8567 Linwood-Southmont Rd, Lexington, NC, 27292, United States","3103 Alder Way, Greensboro, NC, Holden Farms, 27407, United States",38.5,Business,0.7,26.95,0.0,0.0,🐎,Start: 14:25 · MileIQ
2025-07-12,Meeting,"3110 Darden Rd, Greensboro, NC, Holden Farms, 27407, United States","3812 Amber Way Cir SW, Roanoke, VA, 24018, United States",115.4,Business,0.7,80.78,0.0,0.0,🐎,Start: 15:11 · MileIQ
2025-07-13,Errand/Supplies,"4320 Grandin Rd, Roanoke, VA, 24018, United States",home/office,140.2,Business,0.7,98.14,0.0,0.0,🐎,Start: 13:46 · MileIQ
2025-07-13,Customer Visit,"146 Headen Rd, Siler City, NC, 27344, United States","910 S Holden Rd, Greensboro, NC, Hewitt Area, 27407, United States",35.7,Business,0.7,24.99,0.0,0.0,🐎,Start: 16:32 · MileIQ
2025-07-13,solicitation,"910 S Holden Rd, Greensboro, NC, Hewitt Area, 27407, United States","3107 Alder Way, Greensboro, NC, Holden Farms, 27407, United States",3.0,Business,0.7,2.1,0.0,0.0,🐎,Start: 19:59 · MileIQ
2025-07-13,solicitation,"3205 Alder Way, Greensboro, NC, Holden Farms, 27407, United States","1101 NC-61, Whitsett, NC, 27377, United States",18.0,Business,0.7,12.6,0.0,0.0,🐎,Start: 20:12 · MileIQ
2025-07-13,Errand/Supplies,"814 NC-61, Whitsett, NC, 27377, United States","903 Apple St, Gibsonville, NC, 27249, United States",4.9,Business,0.7,3.43,0.0,0.0,🐎,Start: 22:48 · MileIQ
2025-07-13,solicitation,"903 Apple St, Gibsonville, NC, 27249, United States","110 W Haggard Ave, Elon, NC, 27244, United States",2.3,Business,0.7,1.61,0.0,0.0,🐎,Start: 23:23 · MileIQ
2025-07-13,solicitation,"800 W Haggard Ave, Elon, NC, 27244, United States","901 Apple St, Gibsonville, NC, 27249, United States",1.7,Business,0.7,1.19,0.0,0.0,🐎,Start: 23:36 · MileIQ
2025-07-14,Business,"5009 Pheasant Dr, Greensboro, NC, Pleasant Garden, 27406, United States",home/office,25.9,Business,0.7,18.13,0.0,0.0,🐎,Start: 00:36 · MileIQ
2025-07-14,Business,"53 John Emerson Rd, Siler City, NC, 27344, United States","619 Dolley Madison Rd, Greensboro, NC, 27410, United States",50.2,Business,0.7,35.14,0.0,0.0,🐎,Start: 13:21 · MileIQ
2025-07-14,Business,"808 George White Rd, Greensboro, NC, 27410, United States","7340 W Friendly Ave, Greensboro, NC, 27410, United States",2.5,Business,0.7,1.75,0.0,0.0,🐎,Start: 14:13 · MileIQ
2025-07-14,Business,"7203 W Friendly Ave, Greensboro, NC, 27409, United States","8567 Linwood-Southmont Rd, Lexington, NC, 27292, United States",46.0,Business,0.7,32.2,0.0,0.0,🐎,Start: 14:26 · MileIQ
2025-07-14,Business,"8990 Linwood-Southmont Rd, Lexington, NC, 27292, United States","722 Lake Forest Dr, New London, NC, 28127, United States",23.5,Business,0.7,16.45,0.0,0.0,🐎,Start: 15:58 · MileIQ
2025-07-14,Business,"722 Lake Forest Dr, New London, NC, 28127, United States","367 Queens Way, Randleman, NC, 27317, United States",39.6,Business,0.7,27.72,0.0,0.0,🐎,Start: 18:27 · MileIQ
2025-07-14,Errand/Supplies,"489 Salem St, Randleman, NC, 27317, United States",home/office,26.4,Business,0.7,18.48,0.0,0.0,🐎,Start: 23:48 · MileIQ
2025-07-15,Business,"53 John Emerson Rd, Siler City, NC, 27344, United States","1601 Wiley Lewis Rd, Greensboro, NC, 27406, United States",31.7,Business,0.7,22.19,0.0,0.0,🐎,Start: 11:50 · MileIQ
2025-07-15,Business,"1601 Wiley Lewis Rd, Greensboro, NC, 27406, United States","1601 Wiley Lewis Rd, Greensboro, NC, 27406, United States",2.1,Business,0.7,1.47,0.0,0.0,🐎,Start: 12:54 · MileIQ
2025-07-15,Business,"1651 Alamance Church Rd, Greensboro, NC, 27406, United States","150 Walmart Supercenter, Siler City, NC, 27344, United States",29.5,Business,0.7,20.65,0.0,0.0,🐎,Start: 13:38 · MileIQ
2025-07-15,Business,"35 Pearleman Teague Rd, Siler City, NC, 27344, United States",home/office,4.4,Business,0.7,3.08,0.0,0.0,🐎,Start: 14:28 · MileIQ
2025-07-17,Business,"1548 W 3rd St, Siler City, NC, 27344, United States","14215 US-64, Siler City, NC, 27344, United States",7.2,Business,0.7,5.04,0.0,0.0,🐎,Start: 10:03 · MileIQ
2025-07-17,Business,"399 Walmart Supercenter, Siler City, NC, 27344, United States","14629 US-64, Siler City, NC, 27344, United States",1.4,Business,0.7,0.98,0.0,0.0,🐎,Start: 10:37 · MileIQ
2025-07-17,Business,"1609 E 11th St, Siler City, NC, 27344, United States",home/office,5.4,Business,0.7,3.78,0.0,0.0,🐎,Start: 10:52 · MileIQ
2025-07-17,Business,"53 John Emerson Rd, Siler City, NC, 27344, United States","903 Apple St, Gibsonville, NC, 27249, United States",44.5,Business,0.7,31.15,0.0,0.0,🐎,Start: 13:10 · MileIQ
2025-07-17,Business,"500 Whitesell St, Gibsonville, NC, 27249, United States","916 Meade Dr, Greensboro, NC, Hamilton Hills, 27410, United States",28.4,Business,0.7,19.88,0.0,0.0,🐎,Start: 14:29 · MileIQ
2025-07-17,Business,"4801 Tara Dr, Greensboro, NC, Hamilton Hills, 27410, United States",home/office,42.6,Business,0.7,29.82,0.0,0.0,🐎,Start: 17:59 · MileIQ
2025-07-17,Business,"53 John Emerson Rd, Siler City, NC, 27344, United States","600 W Raleigh St, Siler City, NC, 27344, United States",1.5,Business,0.7,1.05,0.0,0.0,🐎,Start: 19:50 · MileIQ
2025-07-17,Business,"204 W 2nd St, Siler City, NC, 27344, United States",home/office,6.3,Business,0.7,4.41,0.0,0.0,🐎,Start: 19:58 · MileIQ
2025-07-18,Business,"53 John Emerson Rd, Siler City, NC, 27344, United States","1601 Wiley Lewis Rd, Greensboro, NC, 27406, United States",35.5,Business,0.7,24.85,0.0,0.0,🐎,Start: 10:47 · MileIQ
2025-07-18,Business,"1601 Wiley Lewis Rd, Greensboro, NC, 27406, United States","1036 Randolph St, Thomasville, NC, 27360, United States",25.4,Business,0.7,17.78,0.0,0.0,🐎,Start: 12:05 · MileIQ
2025-07-18,Business,"1036 Randolph St, Thomasville, NC, 27360, United States","367 Queens Way, Randleman, NC, 27317, United States",22.8,Business,0.7,15.96,0.0,0.0,🐎,Start: 13:07 · MileIQ
2025-07-18,Business,"4748 Old Greensboro Rd, Randleman, NC, 27317, United States",home/office,26.7,Business,0.7,18.69,0.0,0.0,🐎,Start: 14:29 · MileIQ
2025-07-18,Business,"1754 W 3rd St, Siler City, NC, 27344, United States","915 N 2nd Ave, Siler City, NC, 27344, United States",2.0,Business,0.7,1.4,0.0,0.0,🐎,Start: 17:40 · MileIQ
2025-07-18,Business,"915 N 2nd Ave, Siler City, NC, 27344, United States",home/office,6.8,Business,0.7,4.76,0.0,0.0,🐎,Start: 20:08 · MileIQ
2025-07-19,Errand/Supplies,"2200 W 3rd St, Siler City, NC, 27344, United States",home/office,15.9,Business,0.7,11.13,0.0,0.0,🐎,Start: 10:18 · MileIQ
2025-07-19,Meeting,"53 John Emerson Rd, Siler City, NC, 27344, United States","3812 Amber Way Cir SW, Roanoke, VA, 24018, United States",142.1,Business,0.7,99.47,0.0,0.0,🐎,Start: 10:39 · MileIQ
2025-07-20,Meeting,"4432 Grandin Rd SW, Cave Spring, VA, 24018, United States",home/office,148.9,Business,0.7,104.23,0.0,0.0,🐎,Start: 07:50 · MileIQ
2025-07-20,Meeting,home/office,"900 S Holden Rd, Greensboro, NC, Hewitt Area, 27407, United States",40.1,Business,0.7,28.07,0.0,0.0,🐎,Start: 16:10 · MileIQ
2025-07-20,solicitation,"910 S Holden Rd, Greensboro, NC, Hewitt Area, 27407, United States","202 Exchange Pl, Greensboro, NC, Downtown, 27401, United States",3.9,Business,0.7,2.73,0.0,0.0,🐎,Start: 20:17 · MileIQ
2025-07-20,solicitation,"316 S Greene St, Greensboro, NC, Downtown, 27401, United States","3709 Yanceyville St, Greensboro, NC, 27405, United States",37.3,Business,0.7,26.11,0.0,0.0,🐎,Start: 21:04 · MileIQ
2025-07-20,vehicle maintenance,"3826 Yanceyville St, Greensboro, NC, 27405, United States","101 N Main St, High Point, NC, 27262, United States",22.5,Business,0.7,15.75,0.0,0.0,🐎,Start: 22:20 · MileIQ
2025-07-20,Business,"1325 N Main St, High Point, NC, 27262, United States",home/office,75.0,Business,0.7,52.5,0.0,0.0,🐎,Start: 23:32 · MileIQ
2025-07-22,Business,"53 John Emerson Rd, Siler City, NC, 27344, United States",home/office,21.4,Business,0.7,14.98,0.0,0.0,🐎,Start: 14:56 · MileIQ
2025-07-23,Business,"1754 W 3rd St, Siler City, NC, 27344, United States","722 Lake Forest Dr, New London, NC, 28127, United States",50.8,Business,0.7,35.56,0.0,0.0,🐎,Start: 08:54 · MileIQ
2025-07-23,Business,"828 Lake Forest Dr, New London, NC, 28127, United States","8567 Linwood-Southmont Rd, Lexington, NC, 27292, United States",23.7,Business,0.7,16.59,0.0,0.0,🐎,Start: 13:32 · MileIQ
2025-07-23,Business,"6617 Linwood-Southmont Rd, Lexington, NC, 27292, United States","1240 E 11th St, Siler City, NC, 27344, United States",57.3,Business,0.7,40.11,0.0,0.0,🐎,Start: 14:32 · MileIQ
2025-07-23,Business,"1401 E 11th St, Siler City, NC, 27344, United States","915 N 2nd Ave, Siler City, NC, 27344, United States",1.8,Business,0.7,1.26,0.0,0.0,🐎,Start: 15:52 · MileIQ
2025-07-23,Business,"915 N 2nd Ave, Siler City, NC, 27344, United States","107 Food Lion Plaza, Siler City, NC, 27344, United States",1.8,Business,0.7,1.26,0.0,0.0,🐎,Start: 16:34 · MileIQ
2025-07-23,Business,"1401 E 11th St, Siler City, NC, 27344, United States",home/office,2.6,Business,0.7,1.82,0.0,0.0,🐎,Start: 16:47 · MileIQ
2025-07-24,Business,home/office,home/office,2.3,Business,0.7,1.61,0.0,0.0,🐎,Start: 14:16 · MileIQ
2025-07-24,Business,"1140 W 3rd St, Siler City, NC, 27344, United States",home/office,5.5,Business,0.7,3.85,0.0,0.0,🐎,Start: 20:56 · MileIQ
2025-07-25,Business,home/office,"776 W Dixie Dr, Asheboro, NC, 27205, United States",31.0,Business,0.7,21.7,0.0,0.0,🐎,Start: 08:38 · MileIQ
2025-07-25,Business,"990 W Dixie Dr, Asheboro, NC, 27205, United States","722 Lake Forest Dr, New London, NC, 28127, United States",26.0,Business,0.7,18.2,0.0,0.0,🐎,Start: 11:03 · MileIQ
2025-07-25,Business,"555 Lake Forest Dr, New London, NC, 28127, United States","367 Queens Way, Randleman, NC, 27317, United States",68.3,Business,0.7,47.81,0.0,0.0,🐎,Start: 13:26 · MileIQ
2025-07-25,Business,"367 Queens Way, Randleman, NC, 27317, United States","620 W Academy St, Randleman, NC, 27317, United States",3.9,Business,0.7,2.73,0.0,0.0,🐎,Start: 15:52 · MileIQ
2025-07-25,Business,"620 W Academy St, Randleman, NC, 27317, United States","367 Queens Way, Randleman, NC, 27317, United States",3.9,Business,0.7,2.73,0.0,0.0,🐎,Start: 16:04 · MileIQ
2025-07-26,solicitation,"7034 Jordan Rd, Ramseur, NC, 27316, United States",home/office,9.5,Business,0.7,6.65,0.0,0.0,🐎,Start: 14:18 · MileIQ
2025-07-26,solicitation,"53 John Emerson Rd, Siler City, NC, 27344, United States","910 S Holden Rd, Greensboro, NC, Hewitt Area, 27407, United States",37.3,Business,0.7,26.11,0.0,0.0,🐎,Start: 16:03 · MileIQ
2025-07-26,Customer Visit,"1201 S Holden Rd, Greensboro, NC, Hunter Hills, 27407, United States","915 N 2nd Ave, Siler City, NC, 27344, United States",34.7,Business,0.7,24.29,0.0,0.0,🐎,Start: 19:03 · MileIQ
2025-07-26,Meeting,"2200 W 3rd St, Siler City, NC, 27344, United States","367 Queens Way, Randleman, NC, 27317, United States",27.8,Business,0.7,19.46,0.0,0.0,🐎,Start: 21:59 · MileIQ
2025-07-27,Meal/Entertain,"5009 Old Greensboro Rd, Randleman, NC, 27317, United States","910 S Holden Rd, Greensboro, NC, Hewitt Area, 27407, United States",17.7,Business,0.7,12.39,0.0,0.0,🐎,Start: 16:27 · MileIQ
2025-07-27,Customer Visit,"910 S Holden Rd, Greensboro, NC, Hewitt Area, 27407, United States","1101 NC-61, Whitsett, NC, 27377, United States",18.1,Business,0.7,12.67,0.0,0.0,🐎,Start: 20:00 · MileIQ
2025-07-27,Errand/Supplies,"814 NC-61, Whitsett, NC, 27377, United States","903 Apple St, Gibsonville, NC, 27249, United States",4.8,Business,0.7,3.36,0.0,0.0,🐎,Start: 21:10 · MileIQ
2025-07-27,Errand/Supplies,"903 Apple St, Gibsonville, NC, 27249, United States",home/office,44.0,Business,0.7,30.8,0.0,0.0,🐎,Start: 23:39 · MileIQ
2025-07-28,Business,"146 Headen Rd, Siler City, NC, 27344, United States","367 Queens Way, Randleman, NC, 27317, United States",26.8,Business,0.7,18.76,0.0,0.0,🐎,Start: 18:44 · MileIQ
2025-07-28,Business,"367 Queens Way, Randleman, NC, 27317, United States","367 Queens Way, Randleman, NC, 27317, United States",10.9,Business,0.7,7.63,0.0,0.0,🐎,Start: 20:23 · MileIQ
2025-07-28,Business,"367 Queens Way, Randleman, NC, 27317, United States",home/office,25.2,Business,0.7,17.64,0.0,0.0,🐎,Start: 23:40 · MileIQ
2025-07-29,Business,"1548 W 3rd St, Siler City, NC, 27344, United States",home/office,5.3,Business,0.7,3.71,0.0,0.0,🐎,Start: 15:42 · MileIQ
2025-07-30,Business,"53 John Emerson Rd, Siler City, NC, 27344, United States","1426 E 11th St, Siler City, NC, 27344, United States",4.3,Business,0.7,3.01,0.0,0.0,🐎,Start: 13:08 · MileIQ
2025-07-30,Business,"1426 E 11th St, Siler City, NC, 27344, United States",home/office,4.3,Business,0.7,3.01,0.0,0.0,🐎,Start: 13:24 · MileIQ
2025-07-31,Business,"53 John Emerson Rd, Siler City, NC, 27344, United States","4005 Burlington Rd, Greensboro, NC, 27405, United States",40.0,Business,0.7,28.0,0.0,0.0,🐎,Start: 13:53 · MileIQ
2025-07-31,Business,"4312 Burlington Rd, Greensboro, NC, 27405, United States","903 Apple St, Gibsonville, NC, 27249, United States",18.2,Business,0.7,12.74,0.0,0.0,🐎,Start: 15:45 · MileIQ
2025-07-31,Business,"512 Apple St, Gibsonville, NC, 27249, United States","916 Meade Dr, Greensboro, NC, Hamilton Hills, 27410, United States",24.7,Business,0.7,17.29,0.0,0.0,🐎,Start: 17:15 · MileIQ
2025-07-31,Business,"916 Meade Dr, Greensboro, NC, Hamilton Hills, 27410, United States","107 New Chatham Rd, Siler City, NC, 27344, United States",43.5,Business,0.7,30.45,0.0,0.0,🐎,Start: 21:12 · MileIQ
2025-07-31,Business,"110 Loves Creek Church Rd, Siler City, NC, 27344, United States",home/office,4.1,Business,0.7,2.87,0.0,0.0,🐎,Start: 22:10 · MileIQ
2025-08-01,Business,"2200 W 3rd St, Siler City, NC, 27344, United States","916 Meade Dr, Greensboro, NC, Hamilton Hills, 27410, United States",61.3,Business,0.7,42.91,0.0,0.0,🐎,Start: 09:47 · MileIQ
2025-08-01,Business,"620 Muirs Chapel Rd, Greensboro, NC, Hamilton Lakes, 27410, United States",home/office,43.9,Business,0.7,30.73,0.0,0.0,🐎,Start: 12:21 · MileIQ
2025-08-01,Business,"102 W 3rd St, Siler City, NC, 27344, United States","1320 E 11th St, Siler City, NC, 27344, United States",5.4,Business,0.7,3.78,0.0,0.0,🐎,Start: 14:23 · MileIQ
2025-08-01,Business,"1322 E 11th St, Siler City, NC, 27344, United States",home/office,2.7,Business,0.7,1.89,0.0,0.0,🐎,Start: 15:36 · MileIQ
2025-08-01,Business,home/office,"620 W Academy St, Randleman, NC, 27317, United States",25.4,Business,0.7,17.78,0.0,0.0,🐎,Start: 16:58 · MileIQ
2025-08-01,Business,"334 W Academy St, Randleman, NC, 27317, United States","367 Queens Way, Randleman, NC, 27317, United States",7.2,Business,0.7,5.04,0.0,0.0,🐎,Start: 17:40 · MileIQ
2025-08-01,Business,"4758 Old Greensboro Rd, Randleman, NC, 27317, United States","1126 W 3rd St, Siler City, NC, 27344, United States",29.9,Business,0.7,20.93,0.0,0.0,🐎,Start: 22:45 · MileIQ
2025-08-01,Business,"53 John Emerson Rd, Siler City, NC, 27344, United States",home/office,1.0,Business,0.7,0.7,0.0,0.0,🐎,Start: 23:42 · MileIQ
2025-08-03,Business,home/office,home/office,2.6,Business,0.7,1.82,0.0,0.0,🐎,Start: 10:04 · MileIQ
2025-08-03,Business,"1406 US-64, Siler City, NC, 27344, United States","900 S Holden Rd, Greensboro, NC, Hewitt Area, 27407, United States",36.8,Business,0.7,25.76,0.0,0.0,🐎,Start: 16:03 · MileIQ
2025-08-03,Business,"3928 Sedgebrook St, High Point, NC, 27265, United States",home/office,42.3,Business,0.7,29.61,0.0,0.0,🐎,Start: 20:38 · MileIQ
2025-08-04,Business,"2200 W 3rd St, Siler City, NC, 27344, United States","722 Lake Forest Dr, New London, NC, 28127, United States",56.5,Business,0.7,39.55,0.0,0.0,🐎,Start: 09:27 · MileIQ
2025-08-04,Business,"555 Lake Forest Dr, New London, NC, 28127, United States","367 Queens Way, Randleman, NC, 27317, United States",40.2,Business,0.7,28.14,0.0,0.0,🐎,Start: 12:32 · MileIQ
2025-08-04,Business,"367 Queens Way, Randleman, NC, 27317, United States",home/office,27.1,Business,0.7,18.97,0.0,0.0,🐎,Start: 18:45 · MileIQ
2025-08-04,Business,home/office,home/office,2.6,Business,0.7,1.82,0.0,0.0,🐎,Start: 20:08 · MileIQ
2025-08-04,Business,home/office,home/office,0.5,Business,0.7,0.35,0.0,0.0,🐎,Start: 20:56 · MileIQ
2025-08-05,Business,home/office,home/office,2.7,Business,0.7,1.89,0.0,0.0,🐎,Start: 15:49 · MileIQ
2025-08-06,Business,"1205 W 3rd St, Siler City, NC, 27344, United States","150 Walmart Supercenter, Siler City, NC, 27344, United States",14.1,Business,0.7,9.87,0.0,0.0,🐎,Start: 17:21 · MileIQ
2025-08-06,Business,"1703 E 11th St, Siler City, NC, 27344, United States",home/office,4.6,Business,0.7,3.22,0.0,0.0,🐎,Start: 18:09 · MileIQ
2025-08-07,Business,home/office,home/office,5.2,Business,0.7,3.64,0.0,0.0,🐎,Start: 17:29 · MileIQ
2025-08-09,Business,"146 Headen Rd, Siler City, NC, 27344, United States","2762 E Old Hwy 64, Lexington, NC, 27292, United States",45.4,Business,0.7,31.78,0.0,0.0,🐎,Start: 22:55 · MileIQ
2025-08-10,Business,"3077 E Old Hwy 64, Lexington, NC, 27292, United States",home/office,49.9,Business,0.7,34.93,0.0,0.0,🐎,Start: 01:12 · MileIQ
2025-08-10,Business,home/office,home/office,2.7,Business,0.7,1.89,0.0,0.0,🐎,Start: 13:23 · MileIQ
2025-08-10,Business,"53 John Emerson Rd, Siler City, NC, 27344, United States","910 S Holden Rd, Greensboro, NC, Hewitt Area, 27407, United States",39.8,Business,0.7,27.86,0.0,0.0,🐎,Start: 16:09 · MileIQ
2025-08-10,Business,"1300 S Holden Rd, Greensboro, NC, Hunter Hills, 27407, United States","907 N Cottage Grove Ave, Siler City, NC, 27344, United States",35.6,Business,0.7,24.92,0.0,0.0,🐎,Start: 19:54 · MileIQ
2025-08-10,Business,"915 N 2nd Ave, Siler City, NC, 27344, United States",home/office,2.1,Business,0.7,1.47,0.0,0.0,🐎,Start: 21:18 · MileIQ
2025-08-11,Business,"2200 W 3rd St, Siler City, NC, 27344, United States","367 Queens Way, Randleman, NC, 27317, United States",26.8,Business,0.7,18.76,0.0,0.0,🐎,Start: 14:56 · MileIQ
2025-08-11,Business,"367 Queens Way, Randleman, NC, 27317, United States",home/office,30.4,Business,0.7,21.28,0.0,0.0,🐎,Start: 19:14 · MileIQ
2025-08-12,Business,"53 John Emerson Rd, Siler City, NC, 27344, United States","4191 Old U.S. Hwy 421 N, Siler City, NC, 27344, United States",7.8,Business,0.7,5.46,0.0,0.0,🐎,Start: 20:34 · MileIQ
2025-08-12,Business,"4192 Old US 421 S, Bear Creek, NC, Siler City, 27207, United States",home/office,8.0,Business,0.7,5.6,0.0,0.0,🐎,Start: 21:59 · MileIQ
2025-08-13,Business,home/office,home/office,2.5,Business,0.7,1.75,0.0,0.0,🐎,Start: 18:15 · MileIQ
2025-08-15,Business,home/office,home/office,29.0,Business,0.7,20.3,0.0,0.0,🐎,Start: 08:49 · MileIQ
2025-08-15,Business,"2200 W 3rd St, Siler City, NC, 27344, United States","776 W Dixie Dr, Asheboro, NC, 27205, United States",24.9,Business,0.7,17.43,0.0,0.0,🐎,Start: 09:37 · MileIQ
2025-08-15,Business,"776 W Dixie Dr, Asheboro, NC, 27205, United States",home/office,26.5,Business,0.7,18.55,0.0,0.0,🐎,Start: 11:23 · MileIQ
2025-08-15,Business,home/office,home/office,9.4,Business,0.7,6.58,0.0,0.0,🐎,Start: 12:40 · MileIQ
2025-08-15,Business,home/office,"1102 N 2nd Ave, Siler City, NC, 27344, United States",4.0,Business,0.7,2.8,0.0,0.0,🐎,Start: 16:53 · MileIQ
2025-08-15,Business,"2200 W 3rd St, Siler City, NC, 27344, United States","367 Queens Way, Randleman, NC, 27317, United States",26.8,Business,0.7,18.76,0.0,0.0,🐎,Start: 17:59 · MileIQ
2025-08-15,Business,"367 Queens Way, Randleman, NC, 27317, United States",home/office,24.4,Business,0.7,17.08,0.0,0.0,🐎,Start: 22:18 · MileIQ
2025-08-17,solicitation,"1548 W 3rd St, Siler City, NC, 27344, United States","900 S Holden Rd, Greensboro, NC, Hewitt Area, 27407, United States",39.8,Business,0.7,27.86,0.0,0.0,🐎,Start: 16:16 · MileIQ
2025-08-17,Business,"1126 S Holden Rd, Greensboro, NC, Hewitt Area, 27407, United States","919 N 2nd Ave, Siler City, NC, 27344, United States",35.2,Business,0.7,24.64,0.0,0.0,🐎,Start: 19:39 · MileIQ
2025-08-17,Business,"501 N 2nd Ave, Siler City, NC, 27344, United States",home/office,2.4,Business,0.7,1.68,0.0,0.0,🐎,Start: 22:49 · MileIQ
2025-08-18,Business,"53 John Emerson Rd, Siler City, NC, 27344, United States",home/office,4.0,Business,0.7,2.8,0.0,0.0,🐎,Start: 11:58 · MileIQ
2025-08-18,Business,home/office,"735 W Dixie Dr, Asheboro, NC, 27205, United States",20.6,Business,0.7,14.42,0.0,0.0,🐎,Start: 12:21 · MileIQ
2025-08-18,Business,"776 W Dixie Dr, Asheboro, NC, 27205, United States",home/office,57.8,Business,0.7,40.46,0.0,0.0,🐎,Start: 13:57 · MileIQ
2025-08-18,Business,home/office,home/office,6.3,Business,0.7,4.41,0.0,0.0,🐎,Start: 17:37 · MileIQ
2025-08-19,Business,home/office,"758 W Dixie Dr, Asheboro, NC, 27205, United States",59.6,Business,0.7,41.72,0.0,0.0,🐎,Start: 09:09 · MileIQ
2025-08-19,Business,"776 W Dixie Dr, Asheboro, NC, 27205, United States",home/office,20.9,Business,0.7,14.63,0.0,0.0,🐎,Start: 11:27 · MileIQ
2025-08-19,Business,"119 E 2nd St, Siler City, NC, Pittsboro, 27344, United States",high falls oil,43.8,Business,0.7,30.66,0.0,0.0,🐎,Start: 12:19 · MileIQ
2025-08-19,Business,high falls oil,home/office,37.1,Business,0.7,25.97,0.0,0.0,🐎,Start: 14:02 · MileIQ
2025-08-19,Business,home/office,"364 Queens Way, Randleman, NC, 27317, United States",26.5,Business,0.7,18.55,0.0,0.0,🐎,Start: 15:58 · MileIQ
2025-08-19,Business,"367 Queens Way, Randleman, NC, 27317, United States","806 W Dixie Dr, Asheboro, NC, 27203, United States",15.5,Business,0.7,10.85,0.0,0.0,🐎,Start: 17:12 · MileIQ
2025-08-19,Business,"543 W Dixie Dr, Asheboro, NC, 27203, United States","367 Queens Way, Randleman, NC, 27317, United States",14.2,Business,0.7,9.94,0.0,0.0,🐎,Start: 17:44 · MileIQ
2025-08-19,Business,"367 Queens Way, Randleman, NC, 27317, United States",home/office,25.9,Business,0.7,18.13,0.0,0.0,🐎,Start: 19:30 · MileIQ
2025-08-20,Business,home/office,"102 W 3rd St, Siler City, NC, 27344, United States",1.5,Business,0.7,1.05,0.0,0.0,🐎,Start: 08:26 · MileIQ
2025-08-20,Business,"409 W 3rd St, Siler City, NC, 27344, United States",home/office,1.9,Business,0.7,1.33,0.0,0.0,🐎,Start: 08:45 · MileIQ
2025-08-20,Business,home/office,"1605 E 11th St, Siler City, NC, 27344, United States",3.0,Business,0.7,2.1,0.0,0.0,🐎,Start: 12:03 · MileIQ
2025-08-20,Business,"1605 E 11th St, Siler City, NC, 27344, United States",home/office,3.4,Business,0.7,2.38,0.0,0.0,🐎,Start: 12:39 · MileIQ
2025-08-21,Business,home/office,"112 Walmart Supercenter, Siler City, NC, 27344, United States",3.9,Business,0.7,2.73,0.0,0.0,🐎,Start: 18:32 · MileIQ
2025-08-21,Business,"150 Walmart Supercenter, Siler City, NC, 27344, United States","910 N 2nd Ave, Siler City, NC, 27344, United States",2.7,Business,0.7,1.89,0.0,0.0,🐎,Start: 19:01 · MileIQ
2025-08-21,Business,"915 N 2nd Ave, Siler City, NC, 27344, United States",home/office,2.1,Business,0.7,1.47,0.0,0.0,🐎,Start: 19:45 · MileIQ
2025-08-24,Meeting,home/office,"910 S Holden Rd, Greensboro, NC, Hewitt Area, 27407, United States",40.8,Business,0.7,28.56,0.0,0.0,🐎,Start: 16:21 · MileIQ
2025-08-24,Business,"910 S Holden Rd, Greensboro, NC, Hewitt Area, 27407, United States","2210 New Castle Rd, Greensboro, NC, Clinton Heights, 27406, United States",5.1,Business,0.7,3.57,0.0,0.0,🐎,Start: 19:31 · MileIQ
2025-08-24,Business,"1835 Muncey Ln, Greensboro, NC, 27401, United States","806 Apple St, Gibsonville, NC, 27249, United States",18.9,Business,0.7,13.23,0.0,0.0,🐎,Start: 19:50 · MileIQ
2025-08-25,Business,"903 Apple St, Gibsonville, NC, 27249, United States",home/office,34.6,Business,0.7,24.22,0.0,0.0,🐎,Start: 04:09 · MileIQ
2025-08-25,Business,home/office,home/office,2.3,Business,0.7,1.61,0.0,0.0,🐎,Start: 12:14 · MileIQ
2025-08-26,Business,home/office,"722 Lake Forest Dr, New London, NC, 28127, United States",50.9,Business,0.7,35.63,0.0,0.0,🐎,Start: 08:30 · MileIQ
2025-08-26,Business,"722 Lake Forest Dr, New London, NC, 28127, United States","367 Queens Way, Randleman, NC, 27317, United States",39.8,Business,0.7,27.86,0.0,0.0,🐎,Start: 15:58 · MileIQ
2025-08-26,Business,"367 Queens Way, Randleman, NC, 27317, United States","6770 Jordan Rd, Ramseur, NC, 27316, United States",15.7,Business,0.7,10.99,0.0,0.0,🐎,Start: 20:42 · MileIQ
2025-08-26,Business,"6770 Jordan Rd, Ramseur, NC, 27316, United States","1754 W 3rd St, Siler City, NC, 27344, United States",9.9,Business,0.7,6.93,0.0,0.0,🐎,Start: 21:14 · MileIQ
2025-08-27,Business,home/office,"14148 US-64, Siler City, NC, 27344, United States",14.3,Business,0.7,10.01,0.0,0.0,🐎,Start: 11:18 · MileIQ
2025-08-27,Business,"14148 US-64, Siler City, NC, 27344, United States","103 Muirs Chapel Rd, Greensboro, NC, 27410, United States",38.3,Business,0.7,26.81,0.0,0.0,🐎,Start: 11:33 · MileIQ
2025-08-27,Business,"103 Muirs Chapel Rd, Greensboro, NC, 27410, United States","6814 W Market St, Greensboro, NC, 27409, United States",3.4,Business,0.7,2.38,0.0,0.0,🐎,Start: 12:37 · MileIQ
2025-08-27,Business,"6814 W Market St, Greensboro, NC, 27409, United States","722 Lake Forest Dr, New London, NC, 28127, United States",64.3,Business,0.7,45.01,0.0,0.0,🐎,Start: 13:13 · MileIQ
2025-08-27,Business,"722 Lake Forest Dr, New London, NC, 28127, United States","1002 N 2nd Ave, Siler City, NC, 27344, United States",51.1,Business,0.7,35.77,0.0,0.0,🐎,Start: 16:39 · MileIQ
2025-08-27,Business,"915 N 2nd Ave, Siler City, NC, 27344, United States","915 N 2nd Ave, Siler City, NC, 27344, United States",3.8,Business,0.7,2.66,0.0,0.0,🐎,Start: 18:26 · MileIQ
2025-08-27,Business,"915 N 2nd Ave, Siler City, NC, 27344, United States",home/office,4.7,Business,0.7,3.29,0.0,0.0,🐎,Start: 22:11 · MileIQ
2025-08-28,Business,home/office,"3813 Amber Way Cir SW, Roanoke, VA, 24018, United States",152.5,Business,0.7,106.75,0.0,0.0,🐎,Start: 11:43 · MileIQ
2025-08-28,Business,"3804 Amber Way Cir SW, Roanoke, VA, 24018, United States","525 Dan Valley Rd, Madison, NC, Stoneville, 27025, United States",74.6,Business,0.7,52.22,0.0,0.0,🐎,Start: 15:40 · MileIQ
2025-08-28,Business,"525 Dan Valley Rd, Madison, NC, Stoneville, 27025, United States",home/office,68.1,Business,0.7,47.67,0.0,0.0,🐎,Start: 17:04 · MileIQ
2025-08-29,Business,home/office,home/office,2.5,Business,0.7,1.75,0.0,0.0,🐎,Start: 12:00 · MileIQ
2025-08-29,Business,home/office,"1671 W 3rd St, Siler City, NC, 27344, United States",2.4,Business,0.7,1.68,0.0,0.0,🐎,Start: 19:40 · MileIQ
2025-08-30,Business,home/office,"722 Lake Forest Dr, New London, NC, 28127, United States",51.0,Business,0.7,35.7,0.0,0.0,🐎,Start: 11:56 · MileIQ
2025-08-30,Customer Visit,"722 Lake Forest Dr, New London, NC, 28127, United States","1631 Cotton Grove Rd, Lexington, NC, 27292, United States",27.6,Business,0.7,19.32,0.0,0.0,🐎,Start: 14:57 · MileIQ
2025-08-30,Business,"106 Cedar Ln Dr, Lexington, NC, 27292, United States",home/office,57.3,Business,0.7,40.11,0.0,0.0,🐎,Start: 15:55 · MileIQ
2025-08-31,Business,home/office,"5727 US-421, Staley, NC, 27355, United States",8.9,Business,0.7,6.23,0.0,0.0,🐎,Start: 17:06 · MileIQ
2025-08-31,Business,"4844 State Hwy 49, Liberty, NC, 27298, United States",home/office,11.6,Business,0.7,8.12,0.0,0.0,🐎,Start: 18:22 · MileIQ
2025-08-31,Business,home/office,"4844 State Hwy 49, Liberty, NC, 27298, United States",12.0,Business,0.7,8.4,0.0,0.0,🐎,Start: 19:07 · MileIQ
2025-08-31,Business,"4844 State Hwy 49, Liberty, NC, 27298, United States",home/office,11.8,Business,0.7,8.26,0.0,0.0,🐎,Start: 19:36 · MileIQ
2025-09-02,Business,home/office,"1678 W 3rd St, Siler City, NC, 27344, United States",2.4,Business,0.7,1.68,0.0,0.0,🐎,Start: 17:17 · MileIQ
2025-09-03,Business,"2200 W 3rd St, Siler City, NC, 27344, United States","215 Cedar Lodge Rd, Thomasville, NC, 27360, United States",47.5,Business,0.7,33.25,0.0,0.0,🐎,Start: 09:25 · MileIQ
2025-09-03,Business,"215 Cedar Lodge Rd, Thomasville, NC, 27360, United States","722 Lake Forest Dr, New London, NC, 28127, United States",29.1,Business,0.7,20.37,0.0,0.0,🐎,Start: 11:12 · MileIQ
2025-09-03,Business,"722 Lake Forest Dr, New London, NC, 28127, United States",home/office,61.4,Business,0.7,42.98,0.0,0.0,🐎,Start: 12:37 · MileIQ
2025-09-03,Business,home/office,"1754 W 3rd St, Siler City, NC, 27344, United States",7.4,Business,0.7,5.18,0.0,0.0,🐎,Start: 20:13 · MileIQ
2025-09-04,Business,home/office,"40 E Chatham St, Pittsboro, NC, 27312, United States",19.3,Business,0.7,13.51,0.0,0.0,🐎,Start: 07:34 · MileIQ
2025-09-04,Business,"40 E Chatham St, Pittsboro, NC, 27312, United States","300 Walmart Supercenter, Siler City, NC, 27344, United States",16.3,Business,0.7,11.41,0.0,0.0,🐎,Start: 09:32 · MileIQ
2025-09-04,Business,"150 Walmart Supercenter, Siler City, NC, 27344, United States",home/office,4.0,Business,0.7,2.8,0.0,0.0,🐎,Start: 10:14 · MileIQ
2025-09-05,Business,home/office,home/office,3.1,Business,0.7,2.17,0.0,0.0,🐎,Start: 08:04 · MileIQ
2025-09-05,Business,"53 John Emerson Rd, Siler City, NC, 27344, United States",high falls oil,76.3,Business,0.7,53.41,0.0,0.0,🐎,Start: 09:28 · MileIQ
2025-09-05,Business,"4325 Burlington Rd, Greensboro, NC, 27405, United States","916 Meade Dr, Greensboro, NC, Hamilton Hills, 27410, United States",11.4,Business,0.7,7.98,0.0,0.0,🐎,Start: 12:23 · MileIQ
2025-09-05,Business,"916 Meade Dr, Greensboro, NC, Hamilton Hills, 27410, United States",home/office,44.2,Business,0.7,30.94,0.0,0.0,🐎,Start: 13:26 · MileIQ
2025-09-06,Business,home/office,"181 Badin Lake Rd, New London, NC, 28127, United States",47.3,Business,0.7,33.11,0.0,0.0,🐎,Start: 11:37 · MileIQ
2025-09-06,Business,"181 Badin Lake Rd, New London, NC, 28127, United States","678 Lake Forest Dr, New London, NC, 28127, United States",3.5,Business,0.7,2.45,0.0,0.0,🐎,Start: 12:38 · MileIQ
2025-09-06,Business,"722 Lake Forest Dr, New London, NC, 28127, United States","5635 US-64, Ramseur, NC, 27316, United States",38.5,Business,0.7,26.95,0.0,0.0,🐎,Start: 13:50 · MileIQ
2025-09-06,Business,"6450 Jordan Rd, Ramseur, NC, 27316, United States",home/office,10.2,Business,0.7,7.14,0.0,0.0,🐎,Start: 14:42 · MileIQ
2025-09-06,Business,home/office,"311 N 2nd Ave, Siler City, NC, 27344, United States",1.6,Business,0.7,1.12,0.0,0.0,🐎,Start: 15:14 · MileIQ
2025-09-06,Business,"131 Siler Crossing, Siler City, NC, 27344, United States",home/office,3.1,Business,0.7,2.17,0.0,0.0,🐎,Start: 15:42 · MileIQ
2025-09-07,Meeting,home/office,"910 S Holden Rd, Greensboro, NC, Hewitt Area, 27407, United States",37.1,Business,0.7,25.97,0.0,0.0,🐎,Start: 17:02 · MileIQ
2025-09-07,Business,"910 S Holden Rd, Greensboro, NC, Hewitt Area, 27407, United States","4002 Elton Way, Greensboro, NC, 27406, United States",7.2,Business,0.7,5.04,0.0,0.0,🐎,Start: 19:41 · MileIQ
2025-09-07,Business,"4002 Elton Way, Greensboro, NC, 27406, United States","915 N 2nd Ave, Siler City, NC, 27344, United States",28.2,Business,0.7,19.74,0.0,0.0,🐎,Start: 20:11 · MileIQ
2025-09-07,Business,"915 N 2nd Ave, Siler City, NC, 27344, United States",home/office,2.1,Business,0.7,1.47,0.0,0.0,🐎,Start: 21:15 · MileIQ
2025-09-08,Business,home/office,home/office,3.2,Business,0.7,2.24,0.0,0.0,🐎,Start: 13:04 · MileIQ
2025-09-08,Business,home/office,high falls oil,81.4,Business,0.7,56.98,0.0,0.0,🐎,Start: 13:41 · MileIQ
2025-09-08,Business,high falls oil,"1483 Rankin Mill Rd, McLeansville, NC, 27301, United States",4.0,Business,0.7,2.8,0.0,0.0,🐎,Start: 16:48 · MileIQ
2025-09-08,Business,"2522 Huffine Mill Rd, McLeansville, NC, 27301, United States","300 Walmart Supercenter, Siler City, NC, 27344, United States",46.0,Business,0.7,32.2,0.0,0.0,🐎,Start: 17:02 · MileIQ
2025-09-08,Business,"112 Walmart Supercenter, Siler City, NC, 27344, United States",home/office,5.5,Business,0.7,3.85,0.0,0.0,🐎,Start: 17:49 · MileIQ
2025-09-08,Business,home/office,home/office,6.7,Business,0.7,4.69,0.0,0.0,🐎,Start: 19:17 · MileIQ
2025-09-09,Business,home/office,"197 Thistle Ln, Thomasville, NC, 27360, United States",50.1,Business,0.7,35.07,0.0,0.0,🐎,Start: 10:32 · MileIQ
2025-09-09,Business,"215 Cedar Lodge Rd, Thomasville, NC, 27360, United States","722 Lake Forest Dr, New London, NC, 28127, United States",36.0,Business,0.7,25.2,0.0,0.0,🐎,Start: 13:44 · MileIQ
2025-09-09,Business,"722 Lake Forest Dr, New London, NC, 28127, United States",home/office,50.0,Business,0.7,35.0,0.0,0.0,🐎,Start: 20:43 · MileIQ
2025-09-10,Business,home/office,"150 Walmart Supercenter, Siler City, NC, 27344, United States",14.7,Business,0.7,10.29,0.0,0.0,🐎,Start: 15:20 · MileIQ
2025-09-10,Business,"150 Walmart Supercenter, Siler City, NC, 27344, United States","1782 W 3rd St, Siler City, NC, 27344, United States",4.4,Business,0.7,3.08,0.0,0.0,🐎,Start: 15:43 · MileIQ
2025-09-11,Business,home/office,"1754 W 3rd St, Siler City, NC, 27344, United States",8.0,Business,0.7,5.6,0.0,0.0,🐎,Start: 07:56 · MileIQ
2025-09-11,Business,home/office,"722 Lake Forest Dr, New London, NC, 28127, United States",50.8,Business,0.7,35.56,0.0,0.0,🐎,Start: 08:28 · MileIQ
2025-09-11,Business,"722 Lake Forest Dr, New London, NC, 28127, United States","367 Queens Way, Randleman, NC, 27317, United States",40.0,Business,0.7,28.0,0.0,0.0,🐎,Start: 11:41 · MileIQ
2025-09-11,Business,"367 Queens Way, Randleman, NC, 27317, United States","1523 E 11th St, Siler City, NC, 27344, United States",27.7,Business,0.7,19.39,0.0,0.0,🐎,Start: 18:40 · MileIQ
2025-09-11,Business,"1605 E 11th St, Siler City, NC, 27344, United States",home/office,3.2,Business,0.7,2.24,0.0,0.0,🐎,Start: 19:26 · MileIQ
2025-09-12,Business,home/office,"1609 E 11th St, Siler City, NC, 27344, United States",3.0,Business,0.7,2.1,0.0,0.0,🐎,Start: 11:49 · MileIQ
2025-09-12,Business,"1711 E 11th St, Siler City, NC, 27344, United States","915 NC-66, Kernersville, NC, 27284, United States",48.4,Business,0.7,33.88,0.0,0.0,🐎,Start: 12:13 · MileIQ
2025-09-12,Business,"806 NC-66, Kernersville, NC, 27284, United States","900 Apple St, Gibsonville, NC, 27249, United States",40.0,Business,0.7,28.0,0.0,0.0,🐎,Start: 13:13 · MileIQ
2025-09-12,Business,"902 Apple St, Gibsonville, NC, 27249, United States","3103 Alder Way, Greensboro, NC, Holden Farms, 27407, United States",24.4,Business,0.7,17.08,0.0,0.0,🐎,Start: 14:43 · MileIQ
2025-09-12,Business,"3103 Alder Way, Greensboro, NC, Holden Farms, 27407, United States","910 S Holden Rd, Greensboro, NC, Hewitt Area, 27407, United States",3.3,Business,0.7,2.31,0.0,0.0,🐎,Start: 17:12 · MileIQ
2025-09-12,Business,"910 S Holden Rd, Greensboro, NC, Hewitt Area, 27407, United States","1101 NC-61, Whitsett, NC, 27377, United States",18.1,Business,0.7,12.67,0.0,0.0,🐎,Start: 21:08 · MileIQ
2025-09-12,Business,"1101 NC-61, Whitsett, NC, 27377, United States",home/office,34.8,Business,0.7,24.36,0.0,0.0,🐎,Start: 22:41 · MileIQ
2025-09-14,Meeting,home/office,"900 S Holden Rd, Greensboro, NC, Hewitt Area, 27407, United States",40.2,Business,0.7,28.14,0.0,0.0,🐎,Start: 17:07 · MileIQ
2025-09-14,Business,"2800 Patterson St, Greensboro, NC, 27407, United States","320 Federal Pl, Greensboro, NC, Downtown, 27401, United States",4.0,Business,0.7,2.8,0.0,0.0,🐎,Start: 19:37 · MileIQ
2025-09-14,Business,"115 Grovecrest Way, Greensboro, NC, Warnersville, 27406, United States",home/office,36.6,Business,0.7,25.62,0.0,0.0,🐎,Start: 21:23 · MileIQ
2025-09-15,Business,home/office,"90 E 13th Ave Ext, Lexington, NC, 27292, United States",55.4,Business,0.7,38.78,0.0,0.0,🐎,Start: 07:07 · MileIQ
2025-09-15,Business,"1500 S Main St, Lexington, NC, 27292, United States","367 Queens Way, Randleman, NC, 27317, United States",38.8,Business,0.7,27.16,0.0,0.0,🐎,Start: 09:32 · MileIQ
2025-09-15,Business,"367 Queens Way, Randleman, NC, 27317, United States","737 W Dixie Dr, Asheboro, NC, 27205, United States",18.3,Business,0.7,12.81,0.0,0.0,🐎,Start: 11:26 · MileIQ
2025-09-15,Business,"776 W Dixie Dr, Asheboro, NC, 27205, United States",home/office,20.7,Business,0.7,14.49,0.0,0.0,🐎,Start: 12:24 · MileIQ
2025-09-15,Business,home/office,"300 Walmart Supercenter, Siler City, NC, 27344, United States",3.7,Business,0.7,2.59,0.0,0.0,🐎,Start: 16:03 · MileIQ
2025-09-15,Business,"375 Walmart Supercenter, Siler City, NC, 27344, United States","1782 W 3rd St, Siler City, NC, 27344, United States",3.9,Business,0.7,2.73,0.0,0.0,🐎,Start: 16:35 · MileIQ
2025-09-16,Business,home/office,"910 S Holden Rd, Greensboro, NC, Hewitt Area, 27407, United States",36.3,Business,0.7,25.41,0.0,0.0,🐎,Start: 17:36 · MileIQ
2025-09-16,Business,"1300 S Holden Rd, Greensboro, NC, Hunter Hills, 27407, United States","900 Apple St, Gibsonville, NC, 27249, United States",22.2,Business,0.7,15.54,0.0,0.0,🐎,Start: 21:40 · MileIQ
2025-09-16,Business,"902 Apple St, Gibsonville, NC, 27249, United States",home/office,44.7,Business,0.7,31.29,0.0,0.0,🐎,Start: 23:56 · MileIQ
2025-09-17,Business,home/office,"345 Salem St, Randleman, NC, 27317, United States",25.4,Business,0.7,17.78,0.0,0.0,🐎,Start: 11:09 · MileIQ
2025-09-17,Business,"367 Queens Way, Randleman, NC, 27317, United States","103 Pointe S Dr, Randleman, NC, 27317, United States",4.4,Business,0.7,3.08,0.0,0.0,🐎,Start: 14:40 · MileIQ
2025-09-17,Business,"103 Pointe S Dr, Randleman, NC, 27317, United States","1025 High Point St, Randleman, NC, 27317, United States",2.3,Business,0.7,1.61,0.0,0.0,🐎,Start: 15:05 · MileIQ
2025-09-17,Business,"1025 High Point St, Randleman, NC, 27317, United States","423 Queens Way, Randleman, NC, 27317, United States",4.1,Business,0.7,2.87,0.0,0.0,🐎,Start: 15:29 · MileIQ
2025-09-17,Business,"367 Queens Way, Randleman, NC, 27317, United States",home/office,24.7,Business,0.7,17.29,0.0,0.0,🐎,Start: 20:37 · MileIQ
2025-09-18,Business,home/office,"1939 E Market St, Greensboro, NC, 27401, United States",34.4,Business,0.7,24.08,0.0,0.0,🐎,Start: 10:39 · MileIQ
2025-09-18,Business,"1800 E Market St, Greensboro, NC, Cumberland, 27401, United States","550 Pineview Dr, Kernersville, NC, 27284, United States",21.6,Business,0.7,15.12,0.0,0.0,🐎,Start: 11:38 · MileIQ
2025-09-18,Business,"550 Pineview Dr, Kernersville, NC, 27284, United States","5601 W Friendly Ave, Greensboro, NC, 27410, United States",11.6,Business,0.7,8.12,0.0,0.0,🐎,Start: 12:54 · MileIQ
2025-09-18,Business,"5601 W Friendly Ave, Greensboro, NC, 27410, United States","916 Meade Dr, Greensboro, NC, Hamilton Hills, 27410, United States",1.1,Business,0.7,0.77,0.0,0.0,🐎,Start: 13:19 · MileIQ
2025-09-18,Business,"916 Meade Dr, Greensboro, NC, Hamilton Hills, 27410, United States","915 N 2nd Ave, Siler City, NC, 27344, United States",42.2,Business,0.7,29.54,0.0,0.0,🐎,Start: 14:15 · MileIQ
2025-09-18,Business,"915 N 2nd Ave, Siler City, NC, 27344, United States","1782 W 3rd St, Siler City, NC, 27344, United States",2.1,Business,0.7,1.47,0.0,0.0,🐎,Start: 15:08 · MileIQ
2025-09-18,Business,home/office,"910 S Holden Rd, Greensboro, NC, Hewitt Area, 27407, United States",35.5,Business,0.7,24.85,0.0,0.0,🐎,Start: 17:07 · MileIQ
2025-09-18,Business,"910 S Holden Rd, Greensboro, NC, Hewitt Area, 27407, United States",home/office,37.5,Business,0.7,26.25,0.0,0.0,🐎,Start: 23:43 · MileIQ
2025-09-19,Business,home/office,"1322 E 11th St, Siler City, NC, 27344, United States",2.7,Business,0.7,1.89,0.0,0.0,🐎,Start: 12:07 · MileIQ
2025-09-19,Business,"1322 E 11th St, Siler City, NC, 27344, United States","2619 Hillway Dr, Greensboro, NC, 27407, United States",41.2,Business,0.7,28.84,0.0,0.0,🐎,Start: 12:26 · MileIQ
2025-09-19,Business,"4626 W Gate City Blvd, Greensboro, NC, 27407, United States","811 Post St, Greensboro, NC, 27405, United States",16.2,Business,0.7,11.34,0.0,0.0,🐎,Start: 13:32 · MileIQ
2025-09-19,Business,"811 Post St, Greensboro, NC, 27405, United States","1705 S 40 Dr, Greensboro, NC, 27407, United States",11.7,Business,0.7,8.19,0.0,0.0,🐎,Start: 14:25 · MileIQ
2025-09-19,Business,"1705 S 40 Dr, Greensboro, NC, 27407, United States","367 Queens Way, Randleman, NC, 27317, United States",20.5,Business,0.7,14.35,0.0,0.0,🐎,Start: 15:00 · MileIQ
2025-09-19,Business,"367 Queens Way, Randleman, NC, 27317, United States","10439 NC-8, Lexington, NC, 27292, United States",43.5,Business,0.7,30.45,0.0,0.0,🐎,Start: 16:26 · MileIQ
2025-09-19,Business,"10439 NC-8, Lexington, NC, 27292, United States","14215 US-64, Siler City, NC, 27344, United States",77.3,Business,0.7,54.11,0.0,0.0,🐎,Start: 18:08 · MileIQ
2025-09-19,Business,"14215 US-64, Siler City, NC, 27344, United States",home/office,4.6,Business,0.7,3.22,0.0,0.0,🐎,Start: 20:22 · MileIQ
2025-09-20,Business,home/office,"1309 S Main St, Lexington, NC, 27292, United States",53.9,Business,0.7,37.73,0.0,0.0,🐎,Start: 06:13 · MileIQ
2025-09-20,Business,"1309 S Main St, Lexington, NC, 27292, United States","130 Lowes Blvd, Lexington, NC, 27292, United States",2.7,Business,0.7,1.89,0.0,0.0,🐎,Start: 11:14 · MileIQ
2025-09-20,Business,"130 Lowes Blvd, Lexington, NC, 27292, United States","1309 S Main St, Lexington, NC, 27292, United States",2.3,Business,0.7,1.61,0.0,0.0,🐎,Start: 11:40 · MileIQ
2025-09-20,Business,"1309 S Main St, Lexington, NC, 27292, United States","206 Wolf Creek Trail, Lexington, NC, 27292, United States",15.5,Business,0.7,10.85,0.0,0.0,🐎,Start: 15:33 · MileIQ
2025-09-20,Business,"282 Wolf Creek Trail, Lexington, NC, 27292, United States",home/office,57.7,Business,0.7,40.39,0.0,0.0,🐎,Start: 16:29 · MileIQ
2025-09-21,Business,home/office,"1123 S Main St, Lexington, NC, 27292, United States",53.7,Business,0.7,37.59,0.0,0.0,🐎,Start: 08:13 · MileIQ
2025-09-21,Business,"1309 S Main St, Lexington, NC, 27292, United States","130 Lowes Blvd, Lexington, NC, 27292, United States",2.4,Business,0.7,1.68,0.0,0.0,🐎,Start: 09:34 · MileIQ
2025-09-21,Business,"130 Lowes Blvd, Lexington, NC, 27292, United States","1309 S Main St, Lexington, NC, 27292, United States",2.4,Business,0.7,1.68,0.0,0.0,🐎,Start: 10:16 · MileIQ
2025-09-21,Business,"1309 S Main St, Lexington, NC, 27292, United States",home/office,53.7,Business,0.7,37.59,0.0,0.0,🐎,Start: 15:30 · MileIQ
2025-09-22,Business,home/office,"6814 W Market St, Greensboro, NC, 27409, United States",77.6,Business,0.7,54.32,0.0,0.0,🐎,Start: 08:05 · MileIQ
2025-09-22,Business,"6814 W Market St, Greensboro, NC, 27409, United States",home/office,43.1,Business,0.7,30.17,0.0,0.0,🐎,Start: 10:05 · MileIQ
2025-09-22,Business,home/office,"367 Queens Way, Randleman, NC, 27317, United States",32.5,Business,0.7,22.75,0.0,0.0,🐎,Start: 12:00 · MileIQ
2025-09-22,Business,"367 Queens Way, Randleman, NC, 27317, United States","284 N Talbert Blvd, Lexington, NC, 27292, United States",33.4,Business,0.7,23.38,0.0,0.0,🐎,Start: 14:12 · MileIQ
2025-09-22,Business,"18 Cotton Grove Rd, Lexington, NC, 27292, United States","1200 S Main St, Lexington, NC, 27292, United States",3.9,Business,0.7,2.73,0.0,0.0,🐎,Start: 14:56 · MileIQ
2025-09-22,Business,"1309 S Main St, Lexington, NC, 27292, United States","920 N 2nd Ave, Siler City, NC, 27344, United States",56.2,Business,0.7,39.34,0.0,0.0,🐎,Start: 15:29 · MileIQ
2025-09-22,Business,"920 N 2nd Ave, Siler City, NC, 27344, United States",home/office,2.1,Business,0.7,1.47,0.0,0.0,🐎,Start: 16:52 · MileIQ
2025-09-22,Business,"907 Sedgefield Dr, Siler City, NC, 27344, United States",home/office,1.3,Business,0.7,0.91,0.0,0.0,🐎,Start: 17:03 · MileIQ
2025-09-23,Business,home/office,"1309 S Main St, Lexington, NC, 27292, United States",54.2,Business,0.7,37.94,0.0,0.0,🐎,Start: 06:31 · MileIQ
2025-09-23,Business,"1309 S Main St, Lexington, NC, 27292, United States","130 Lowes Blvd, Lexington, NC, 27292, United States",1.9,Business,0.7,1.33,0.0,0.0,🐎,Start: 08:35 · MileIQ
2025-09-23,Business,"130 Lowes Blvd, Lexington, NC, 27292, United States","1200 S Main St, Lexington, NC, 27292, United States",2.1,Business,0.7,1.47,0.0,0.0,🐎,Start: 08:58 · MileIQ
2025-09-23,Business,"1309 S Main St, Lexington, NC, 27292, United States","4360 NC-705, Robbins, NC, 27325, United States",51.1,Business,0.7,35.77,0.0,0.0,🐎,Start: 11:20 · MileIQ
2025-09-23,Business,"4360 NC-705, Robbins, NC, 27325, United States","1671 W 3rd St, Siler City, NC, 27344, United States",25.8,Business,0.7,18.06,0.0,0.0,🐎,Start: 13:47 · MileIQ
2025-09-23,Business,home/office,"910 S Holden Rd, Greensboro, NC, Hewitt Area, 27407, United States",37.4,Business,0.7,26.18,0.0,0.0,🐎,Start: 17:06 · MileIQ
2025-09-23,Business,"910 S Holden Rd, Greensboro, NC, Hewitt Area, 27407, United States","3303 W Gate City Blvd, Greensboro, NC, 27407, United States",2.0,Business,0.7,1.4,0.0,0.0,🐎,Start: 21:18 · MileIQ
2025-09-23,Business,"3301 W Gate City Blvd, Greensboro, NC, 27407, United States",home/office,36.1,Business,0.7,25.27,0.0,0.0,🐎,Start: 23:32 · MileIQ
2025-09-24,Business,home/office,home/office,6.3,Business,0.7,4.41,0.0,0.0,🐎,Start: 09:22 · MileIQ
2025-09-25,Business,home/office,"4360 NC-705, Robbins, NC, 27325, United States",26.2,Business,0.7,18.34,0.0,0.0,🐎,Start: 08:27 · MileIQ
2025-09-25,Business,"4360 NC-705, Robbins, NC, 27325, United States","1782 W 3rd St, Siler City, NC, 27344, United States",24.8,Business,0.7,17.36,0.0,0.0,🐎,Start: 09:28 · MileIQ
2025-09-25,Business,home/office,"8112 US-64, Ramseur, NC, 27316, United States",7.9,Business,0.7,5.53,0.0,0.0,🐎,Start: 11:01 · MileIQ
2025-09-25,Business,"8108 US-64, Ramseur, NC, 27316, United States","1123 S Main St, Lexington, NC, 27292, United States",40.9,Business,0.7,28.63,0.0,0.0,🐎,Start: 11:25 · MileIQ
2025-09-25,Business,"1309 S Main St, Lexington, NC, 27292, United States","4360 NC-705, Robbins, NC, 27325, United States",56.1,Business,0.7,39.27,0.0,0.0,🐎,Start: 12:23 · MileIQ
2025-09-25,Business,"2107 N Howard Mill Rd, Robbins, NC, 27325, United States",home/office,25.6,Business,0.7,17.92,0.0,0.0,🐎,Start: 14:08 · MileIQ
2025-09-25,Business,home/office,"910 S Holden Rd, Greensboro, NC, Hewitt Area, 27407, United States",37.6,Business,0.7,26.32,0.0,0.0,🐎,Start: 17:13 · MileIQ
2025-09-25,Business,"910 S Holden Rd, Greensboro, NC, Hewitt Area, 27407, United States",home/office,37.6,Business,0.7,26.32,0.0,0.0,🐎,Start: 21:03 · MileIQ
2025-09-26,Business,home/office,"1122 S Main St, Lexington, NC, 27292, United States",48.6,Business,0.7,34.02,0.0,0.0,🐎,Start: 07:43 · MileIQ
2025-09-26,Business,"1309 S Main St, Lexington, NC, 27292, United States","130 Lowes Blvd, Lexington, NC, 27292, United States",2.4,Business,0.7,1.68,0.0,0.0,🐎,Start: 08:56 · MileIQ
2025-09-26,Business,"130 Lowes Blvd, Lexington, NC, 27292, United States","1402 S Main St, Lexington, NC, 27292, United States",2.3,Business,0.7,1.61,0.0,0.0,🐎,Start: 09:11 · MileIQ
2025-09-26,Business,"1309 S Main St, Lexington, NC, 27292, United States",home/office,54.2,Business,0.7,37.94,0.0,0.0,🐎,Start: 19:56 · MileIQ
2025-09-27,Business,home/office,"215 Deatherage Rd, Mount Airy, NC, Mt Airy, 27030, United States",93.7,Business,0.7,65.59,0.0,0.0,🐎,Start: 11:24 · MileIQ
2025-09-27,Business,"226 Deatherage Rd, Mount Airy, NC, Mt Airy, 27030, United States","3804 Amber Way Cir SW, Roanoke, VA, 24018, United States",111.0,Business,0.7,77.7,0.0,0.0,🐎,Start: 13:22 · MileIQ
2025-09-27,Business,"3804 Amber Way Cir SW, Roanoke, VA, 24018, United States",home/office,140.6,Business,0.7,98.42,0.0,0.0,🐎,Start: 16:29 · MileIQ
2025-09-27,Business,home/office,home/office,6.3,Business,0.7,4.41,0.0,0.0,🐎,Start: 19:18 · MileIQ
2025-09-28,Business,home/office,"1201 S Main St, Lexington, NC, 27292, United States",54.1,Business,0.7,37.87,0.0,0.0,🐎,Start: 08:05 · MileIQ
2025-09-28,Business,"1123 S Main St, Lexington, NC, 27292, United States",home/office,53.7,Business,0.7,37.59,0.0,0.0,🐎,Start: 16:32 · MileIQ
2025-09-29,Business,home/office,"1226E E Dixie Dr, Asheboro, NC, 27203, United States",18.7,Business,0.7,13.09,0.0,0.0,🐎,Start: 12:39 · MileIQ
2025-09-29,Business,"1226E E Dixie Dr, Asheboro, NC, 27203, United States",home/office,18.7,Business,0.7,13.09,0.0,0.0,🐎,Start: 14:14 · MileIQ
2025-09-30,Business,home/office,"1632 NC-22, Robbins, NC, 27325, United States",19.8,Business,0.7,13.86,0.0,0.0,🐎,Start: 09:13 · MileIQ
2025-09-30,Business,"1632 NC-22, Robbins, NC, 27325, United States",home/office,21.0,Business,0.7,14.7,0.0,0.0,🐎,Start: 09:50 · MileIQ
2025-09-30,Business,home/office,"510 Pineview Dr, Kernersville, NC, 27284, United States",52.3,Business,0.7,36.61,0.0,0.0,🐎,Start: 12:02 · MileIQ
2025-09-30,Business,"550 Pineview Dr, Kernersville, NC, 27284, United States","4449 NC-22, Siler City, NC, 27344, United States",56.8,Business,0.7,39.76,0.0,0.0,🐎,Start: 13:51 · MileIQ
2025-09-30,Business,"4449 NC-22, Siler City, NC, 27344, United States",home/office,12.9,Business,0.7,9.03,0.0,0.0,🐎,Start: 16:05 · MileIQ
2025-09-30,Business,home/office,"910 S Holden Rd, Greensboro, NC, Hewitt Area, 27407, United States",36.5,Business,0.7,25.55,0.0,0.0,🐎,Start: 17:43 · MileIQ
2025-09-30,Business,"910 S Holden Rd, Greensboro, NC, Hewitt Area, 27407, United States",home/office,36.4,Business,0.7,25.48,0.0,0.0,🐎,Start: 21:01 · MileIQ
2025-10-01,Business,home/office,"108 George P Rd, Robbins, NC, 27325, United States",22.8,Business,0.7,15.96,0.0,0.0,🐎,Start: 11:56 · MileIQ
2025-10-01,Business,"108 George P Rd, Robbins, NC, Bennett, 27325, United States","4360 NC-705, Robbins, NC, 27325, United States",6.8,Business,0.7,4.76,0.0,0.0,🐎,Start: 13:02 · MileIQ
2025-10-01,Business,"4360 NC-705, Robbins, NC, 27325, United States","367 Queens Way, Randleman, NC, 27317, United States",36.4,Business,0.7,25.48,0.0,0.0,🐎,Start: 13:34 · MileIQ
2025-10-01,Business,"367 Queens Way, Randleman, NC, 27317, United States",home/office,46.4,Business,0.7,32.48,0.0,0.0,🐎,Start: 15:17 · MileIQ
2025-10-02,Business,"1309 S Main St, Lexington, NC, 27292, United States",home/office,56.8,Business,0.7,39.76,0.0,0.0,🐎,Start: 12:29 · MileIQ
2025-10-02,Business,home/office,"1322 E 11th St, Siler City, NC, 27344, United States",2.7,Business,0.7,1.89,0.0,0.0,🐎,Start: 15:42 · MileIQ
2025-10-02,Business,"1322 E 11th St, Siler City, NC, 27344, United States",home/office,2.8,Business,0.7,1.96,0.0,0.0,🐎,Start: 16:38 · MileIQ
2025-10-02,Business,home/office,"910 S Holden Rd, Greensboro, NC, Hewitt Area, 27407, United States",37.3,Business,0.7,26.11,0.0,0.0,🐎,Start: 18:09 · MileIQ
2025-10-02,Business,"910 S Holden Rd, Greensboro, NC, Hewitt Area, 27407, United States",home/office,36.4,Business,0.7,25.48,0.0,0.0,🐎,Start: 20:50 · MileIQ
2025-10-02,Business,"1112 Perry Ave, Siler City, NC, 27344, United States",home/office,2.5,Business,0.7,1.75,0.0,0.0,🐎,Start: 21:36 · MileIQ
2025-10-03,Business,home/office,"109 Walmart Supercenter, Siler City, NC, 27344, United States",3.9,Business,0.7,2.73,0.0,0.0,🐎,Start: 14:09 · MileIQ
2025-10-03,Business,"109 Walmart Supercenter, Siler City, NC, 273446756, United States","1295 Henderson Tanyard Rd, Pittsboro, NC, 27312, United States",9.9,Business,0.7,6.93,0.0,0.0,🐎,Start: 14:29 · MileIQ
2025-10-03,Business,"Silk Hope, NC, 27344, United States","552 Ellington Rd, Siler City, NC, 27344, United States",14.4,Business,0.7,10.08,0.0,0.0,🐎,Start: 16:13 · MileIQ
2025-10-04,Business,home/office,home/office,42.7,Business,0.7,29.89,0.0,0.0,🐎,Start: 14:10 · MileIQ
2025-10-05,Business,home/office,"3280 US-501, Hamer, SC, 29547, United States",93.9,Business,0.7,65.73,0.0,0.0,🐎,Start: 09:48 · MileIQ
2025-10-05,Business,"3266 US-301, Hamer, SC, 29547, United States","11067 US-15, Aberdeen, NC, 28315, United States",51.2,Business,0.7,35.84,0.0,0.0,🐎,Start: 15:58 · MileIQ
2025-10-05,Business,"11067 US-15, Aberdeen, NC, 28315, United States",home/office,42.8,Business,0.7,29.96,0.0,0.0,🐎,Start: 17:17 · MileIQ
2025-10-06,Business,home/office,"367 Queens Way, Randleman, NC, 27317, United States",68.0,Business,0.7,47.6,0.0,0.0,🐎,Start: 11:09 · MileIQ
2025-10-06,Business,"367 Queens Way, Randleman, NC, 27317, United States","1309 S Main St, Lexington, NC, 27292, United States",36.0,Business,0.7,25.2,0.0,0.0,🐎,Start: 13:50 · MileIQ
2025-10-06,Business,"1309 S Main St, Lexington, NC, 27292, United States","367 Queens Way, Randleman, NC, 27317, United States",36.0,Business,0.7,25.2,0.0,0.0,🐎,Start: 15:24 · MileIQ
2025-10-06,Business,"367 Queens Way, Randleman, NC, 27317, United States","383 Queens Way, Randleman, NC, 27317, United States",8.1,Business,0.7,5.67,0.0,0.0,🐎,Start: 19:05 · MileIQ
2025-10-07,Business,"367 Queens Way, Randleman, NC, 27317, United States",home/office,27.0,Business,0.7,18.9,0.0,0.0,🐎,Start: 08:59 · MileIQ
2025-10-07,Business,home/office,"2651 Randleman Rd, Greensboro, NC, 27406, United States",30.7,Business,0.7,21.49,0.0,0.0,🐎,Start: 10:05 · MileIQ
2025-10-07,Business,"2651 Randleman Rd, Greensboro, NC, 27406, United States",home/office,43.3,Business,0.7,30.31,0.0,0.0,🐎,Start: 13:50 · MileIQ
2025-10-07,Business,home/office,"1603 E 11th St, Siler City, NC, 27344, United States",3.0,Business,0.7,2.1,0.0,0.0,🐎,Start: 18:01 · MileIQ
2025-10-07,Business,"1703 E 11th St, Siler City, NC, 27344, United States","910 S Holden Rd, Greensboro, NC, Hewitt Area, 27407, United States",36.9,Business,0.7,25.83,0.0,0.0,🐎,Start: 18:32 · MileIQ
2025-10-07,Business,"910 S Holden Rd, Greensboro, NC, Hewitt Area, 27407, United States",home/office,39.0,Business,0.7,27.3,0.0,0.0,🐎,Start: 21:09 · MileIQ
2025-10-07,Business,home/office,"367 Queens Way, Randleman, NC, 27317, United States",25.7,Business,0.7,17.99,0.0,0.0,🐎,Start: 22:15 · MileIQ
2025-10-08,Business,"367 Queens Way, Randleman, NC, 27317, United States",home/office,26.1,Business,0.7,18.27,0.0,0.0,🐎,Start: 15:34 · MileIQ
2025-10-09,Business,home/office,"1628 NC-22, Robbins, NC, 27325, United States",21.5,Business,0.7,15.05,0.0,0.0,🐎,Start: 13:44 · MileIQ
2025-10-09,Business,"1628 NC-22, Robbins, NC, 27325, United States","1152 NC-22, Bennett, NC, 27208, United States",0.9,Business,0.7,0.63,0.0,0.0,🐎,Start: 14:33 · MileIQ
2025-10-09,Business,"1152 NC-22, Bennett, NC, 27208, United States",home/office,29.5,Business,0.7,20.65,0.0,0.0,🐎,Start: 14:47 · MileIQ
2025-10-09,Business,home/office,"4103 W Wendover Ave, Greensboro, NC, 27407, United States",39.1,Business,0.7,27.37,0.0,0.0,🐎,Start: 15:35 · MileIQ
2025-10-09,Business,"4201 W Wendover Ave, Greensboro, NC, 27407, United States","916 Meade Dr, Greensboro, NC, Hamilton Hills, 27410, United States",2.7,Business,0.7,1.89,0.0,0.0,🐎,Start: 16:32 · MileIQ
2025-10-09,Business,"819 Montpelier Dr, Greensboro, NC, Hamilton Hills, 27410, United States","3102 Alder Way, Greensboro, NC, Holden Farms, 27407, United States",6.7,Business,0.7,4.69,0.0,0.0,🐎,Start: 17:22 · MileIQ
2025-10-09,Business,"3103 Alder Way, Greensboro, NC, Holden Farms, 27407, United States","3010 Spring Garden St, Greensboro, NC, Lindley Park, 27403, United States",3.4,Business,0.7,2.38,0.0,0.0,🐎,Start: 18:14 · MileIQ
2025-10-09,Business,"910 S Holden Rd, Greensboro, NC, Hewitt Area, 27407, United States","6400 Burlington Rd, Whitsett, NC, 27377, United States",20.8,Business,0.7,14.56,0.0,0.0,🐎,Start: 20:57 · MileIQ
2025-10-09,Business,"6403 W Interstate Ct, Whitsett, NC, 27377, United States","800 Apple St, Gibsonville, NC, 27249, United States",6.1,Business,0.7,4.27,0.0,0.0,🐎,Start: 21:43 · MileIQ
2025-10-09,Business,"903 Apple St, Gibsonville, NC, 27249, United States",home/office,42.7,Business,0.7,29.89,0.0,0.0,🐎,Start: 22:42 · MileIQ
2025-10-10,Business,home/office,"711 College Rd, Greensboro, NC, 27410, United States",42.0,Business,0.7,29.4,0.0,0.0,🐎,Start: 13:16 · MileIQ
2025-10-10,Business,"701 College Rd, Greensboro, NC, 27410, United States","6998 Hemphill Rd, Julian, NC, 27283, United States",22.4,Business,0.7,15.68,0.0,0.0,🐎,Start: 14:56 · MileIQ
2025-10-10,Business,"6998 Hemphill Rd, Julian, NC, 27283, United States",home/office,19.7,Business,0.7,13.79,0.0,0.0,🐎,Start: 15:25 · MileIQ
2025-10-11,Business,home/office,"121 Lowes Dr, Pittsboro, NC, 27312, United States",20.1,Business,0.7,14.07,0.0,0.0,🐎,Start: 14:52 · MileIQ
2025-10-11,Business,"121 Lowes Dr, Pittsboro, NC, 27312, United States",home/office,19.8,Business,0.7,13.86,0.0,0.0,🐎,Start: 16:11 · MileIQ
2025-10-11,vehicle maintenance,home/office,"1612 W 3rd St, Siler City, NC, 27344, United States",2.3,Business,0.7,1.61,0.0,0.0,🐎,Start: 18:34 · MileIQ
2025-10-12,Business,home/office,home/office,2.5,Business,0.7,1.75,0.0,0.0,🐎,Start: 18:57 · MileIQ
2025-10-13,Business,home/office,"1703 E 11th St, Siler City, NC, 27344, United States",3.1,Business,0.7,2.17,0.0,0.0,🐎,Start: 17:59 · MileIQ
2025-10-13,Business,"1740 E 11th St, Siler City, NC, 27344, United States","17771 US-64, Siler City, NC, 27344, United States",3.1,Business,0.7,2.17,0.0,0.0,🐎,Start: 18:11 · MileIQ
2025-10-13,Business,"17771 US-64, Siler City, NC, 27344, United States","7972 US-64, Ramseur, NC, 27316, United States",7.7,Business,0.7,5.39,0.0,0.0,🐎,Start: 18:12 · MileIQ
2025-10-13,Business,"7972 US-64, Ramseur, NC, 27316, United States","1421 E Dixie Dr, Asheboro, NC, 27203, United States",10.2,Business,0.7,7.14,0.0,0.0,🐎,Start: 18:27 · MileIQ
2025-10-13,Business,"1415 E Dixie Dr, Asheboro, NC, 27203, United States","813 E Dixie Dr, Asheboro, NC, 27203, United States",1.3,Business,0.7,0.91,0.0,0.0,🐎,Start: 18:36 · MileIQ
2025-10-13,Business,"715 E Dixie Dr, Asheboro, NC, 27203, United States","3941 US-64, Asheboro, NC, 27203, United States",5.0,Business,0.7,3.5,0.0,0.0,🐎,Start: 19:20 · MileIQ
2025-10-13,Business,"4012 US-64, Asheboro, NC, 27203, United States","6884 Jordan Rd, Ramseur, NC, 27316, United States",4.6,Business,0.7,3.22,0.0,0.0,🐎,Start: 19:23 · MileIQ
2025-10-13,Business,"137 King Rd, Ramseur, NC, 27316, United States","8108 US-64, Ramseur, NC, 27316, United States",2.0,Business,0.7,1.4,0.0,0.0,🐎,Start: 19:36 · MileIQ
2025-10-13,Business,"8108 US-64, Ramseur, NC, 27316, United States",home/office,7.9,Business,0.7,5.53,0.0,0.0,🐎,Start: 19:38 · MileIQ
2025-10-14,Business,home/office,"1678 W 3rd St, Siler City, NC, 27344, United States",1.8,Business,0.7,1.26,0.0,0.0,🐎,Start: 13:14 · MileIQ
2025-10-14,Business,home/office,high falls oil,72.4,Business,0.7,50.68,0.0,0.0,🐎,Start: 16:59 · MileIQ
2025-10-14,Business,high falls oil,"809 S Holden Rd, Greensboro, NC, Lindley Park, 27407, United States",9.3,Business,0.7,6.51,0.0,0.0,🐎,Start: 18:48 · MileIQ
2025-10-14,Business,"910 S Holden Rd, Greensboro, NC, Hewitt Area, 27407, United States","4102 Fernhurst Way, Greensboro, NC, 27406, United States",7.2,Business,0.7,5.04,0.0,0.0,🐎,Start: 23:43 · MileIQ
2025-10-15,vehicle maintenance,"4002 Elton Way, Greensboro, NC, 27406, United States",home/office,29.2,Business,0.7,20.44,0.0,0.0,🐎,Start: 00:11 · MileIQ
2025-10-15,Business,home/office,high falls oil,45.8,Business,0.7,32.06,0.0,0.0,🐎,Start: 11:02 · MileIQ
2025-10-15,Business,high falls oil,"1632 NC-22, Robbins, NC, 27325, United States",60.6,Business,0.7,42.42,0.0,0.0,🐎,Start: 12:27 · MileIQ
2025-10-15,Business,"1632 NC-22, Robbins, NC, 27325, United States","1754 W 3rd St, Siler City, NC, 27344, United States",21.1,Business,0.7,14.77,0.0,0.0,🐎,Start: 13:36 · MileIQ
2025-10-15,Business,"2200 W 3rd St, Siler City, NC, 27344, United States","367 Queens Way, Randleman, NC, 27317, United States",34.1,Business,0.7,23.87,0.0,0.0,🐎,Start: 15:20 · MileIQ
2025-10-15,Business,"367 Queens Way, Randleman, NC, 27317, United States",home/office,24.8,Business,0.7,17.36,0.0,0.0,🐎,Start: 23:51 · MileIQ
2025-10-16,Business,home/office,home/office,2.5,Business,0.7,1.75,0.0,0.0,🐎,Start: 10:14 · MileIQ
2025-10-16,Business,home/office,"776 W Dixie Dr, Asheboro, NC, 27205, United States",21.0,Business,0.7,14.7,0.0,0.0,🐎,Start: 10:40 · MileIQ
2025-10-16,Business,"776 W Dixie Dr, Asheboro, NC, 27205, United States","1309 S Main St, Lexington, NC, 27292, United States",35.5,Business,0.7,24.85,0.0,0.0,🐎,Start: 11:31 · MileIQ
2025-10-16,Business,"1309 S Main St, Lexington, NC, 27292, United States",home/office,53.6,Business,0.7,37.52,0.0,0.0,🐎,Start: 12:49 · MileIQ
2025-10-16,Meeting,home/office,"910 S Holden Rd, Greensboro, NC, Hewitt Area, 27407, United States",36.5,Business,0.7,25.55,0.0,0.0,🐎,Start: 17:22 · MileIQ
2025-10-16,Business,"910 S Holden Rd, Greensboro, NC, Hewitt Area, 27407, United States",home/office,36.4,Business,0.7,25.48,0.0,0.0,🐎,Start: 21:03 · MileIQ
2025-10-17,Business,home/office,"1711 E 11th St, Siler City, NC, 27344, United States",3.2,Business,0.7,2.24,0.0,0.0,🐎,Start: 14:25 · MileIQ
2025-10-17,Business,"1703 E 11th St, Siler City, NC, 27344, United States",home/office,3.1,Business,0.7,2.17,0.0,0.0,🐎,Start: 14:44 · MileIQ
2025-10-18,Business,home/office,"1609 E 11th St, Siler City, NC, 27344, United States",13.1,Business,0.7,9.17,0.0,0.0,🐎,Start: 14:07 · MileIQ
2025-10-18,Business,"1523 E 11th St, Siler City, NC, 27344, United States",home/office,2.9,Business,0.7,2.03,0.0,0.0,🐎,Start: 14:32 · MileIQ
2025-10-19,Business,home/office,high falls oil,35.6,Business,0.7,24.92,0.0,0.0,🐎,Start: 11:01 · MileIQ
2025-10-19,Business,high falls oil,home/office,37.1,Business,0.7,25.97,0.0,0.0,🐎,Start: 12:31 · MileIQ
2025-10-20,Business,home/office,"4201 W Wendover Ave, Greensboro, NC, 27407, United States",40.3,Business,0.7,28.21,0.0,0.0,🐎,Start: 14:17 · MileIQ
2025-10-20,Business,"4201 W Wendover Ave, Greensboro, NC, 27407, United States","410 4 Seasons Town Center Ent, Greensboro, NC, 27427, United States",5.0,Business,0.7,3.5,0.0,0.0,🐎,Start: 15:33 · MileIQ
2025-10-20,Business,"410 4 Seasons Town Center Ent, Greensboro, NC, 27427, United States","367 Queens Way, Randleman, NC, 27317, United States",16.4,Business,0.7,11.48,0.0,0.0,🐎,Start: 15:59 · MileIQ
2025-10-20,Business,"367 Queens Way, Randleman, NC, 27317, United States",home/office,24.9,Business,0.7,17.43,0.0,0.0,🐎,Start: 23:20 · MileIQ
2025-10-21,Business,"507 W 3rd St, Siler City, NC, 27344, United States",home/office,1.2,Business,0.7,0.84,0.0,0.0,🐎,Start: 15:15 · MileIQ
2025-10-21,Meeting,home/office,"3015 Spring Garden St, Greensboro, NC, Lindley Park, 27403, United States",36.2,Business,0.7,25.34,0.0,0.0,🐎,Start: 18:19 · MileIQ
2025-10-21,Business,"910 S Holden Rd, Greensboro, NC, Hewitt Area, 27407, United States",home/office,37.8,Business,0.7,26.46,0.0,0.0,🐎,Start: 20:52 · MileIQ
2025-10-22,Business,"510 N 2nd Ave, Siler City, NC, 27344, United States","1149 University Dr, Burlington, NC, 27215, United States",41.5,Business,0.7,29.05,0.0,0.0,🐎,Start: 14:13 · MileIQ
2025-10-22,Business,"1175 University Dr, Burlington, NC, 27215, United States","1451 University Dr, Burlington, NC, 27215, United States",1.4,Business,0.7,0.98,0.0,0.0,🐎,Start: 15:08 · MileIQ
2025-10-22,Business,"1451 University Dr, Burlington, NC, 27215, United States","618 N 2nd Ave, Siler City, NC, 27344, United States",31.2,Business,0.7,21.84,0.0,0.0,🐎,Start: 16:24 · MileIQ
2025-10-22,Business,"610 N 2nd Ave, Siler City, NC, 27344, United States",home/office,1.9,Business,0.7,1.33,0.0,0.0,🐎,Start: 17:31 · MileIQ
2025-10-23,solicitation,"53 John Emerson Rd, Siler City, NC, 27344, United States","910 S Holden Rd, Greensboro, NC, Hewitt Area, 27407, United States",39.5,Business,0.7,27.65,0.0,0.0,🐎,Start: 17:42 · MileIQ
2025-10-23,Business,"910 S Holden Rd, Greensboro, NC, Hewitt Area, 27407, United States",home/office,38.7,Business,0.7,27.09,0.0,0.0,🐎,Start: 20:48 · MileIQ
2025-10-24,Business,"1754 W 3rd St, Siler City, NC, 27344, United States","1740 E 11th St, Siler City, NC, 27344, United States",3.4,Business,0.7,2.38,0.0,0.0,🐎,Start: 13:54 · MileIQ
2025-10-24,Business,"1740 E 11th St, Siler City, NC, 27344, United States","1468 NC-66, Kernersville, NC, 27284, United States",55.7,Business,0.7,38.99,0.0,0.0,🐎,Start: 14:12 · MileIQ
2025-10-24,Business,"1451 NC-66, Kernersville, NC, 27284, United States","203 Broad St, Martinsville, VA, 24112, United States",52.8,Business,0.7,36.96,0.0,0.0,🐎,Start: 15:30 · MileIQ
2025-10-24,Business,"157 E Market St, Martinsville, VA, 24112, United States","1605 E 11th St, Siler City, NC, 27344, United States",88.8,Business,0.7,62.16,0.0,0.0,🐎,Start: 17:13 · MileIQ
2025-10-24,Business,"1509 Duet Dr, Siler City, NC, 27344, United States",home/office,2.6,Business,0.7,1.82,0.0,0.0,🐎,Start: 18:52 · MileIQ
2025-10-25,Business,home/office,"206 Spencer St, High Point, NC, 27265, United States",40.1,Business,0.7,28.07,0.0,0.0,🐎,Start: 14:27 · MileIQ
2025-10-25,Business,"609 Greensboro Rd, High Point, NC, 27260, United States","367 Queens Way, Randleman, NC, 27317, United States",19.9,Business,0.7,13.93,0.0,0.0,🐎,Start: 17:29 · MileIQ
2025-10-25,Business,"1485 New Salem Rd, Randleman, NC, 27317, United States",home/office,24.6,Business,0.7,17.22,0.0,0.0,🐎,Start: 20:10 · MileIQ
2025-10-27,Business,"126 Miss Jane Way, Siler City, NC, 27344, United States","1303 S Main St, Lexington, NC, 27292, United States",47.7,Business,0.7,33.39,0.0,0.0,🐎,Start: 09:34 · MileIQ
2025-10-27,Business,"1303 S Main St, Lexington, NC, 27292, United States",home/office,53.5,Business,0.7,37.45,0.0,0.0,🐎,Start: 11:01 · MileIQ
2025-10-27,Business,home/office,"1322 E 11th St, Siler City, NC, 27344, United States",2.6,Business,0.7,1.82,0.0,0.0,🐎,Start: 12:57 · MileIQ
2025-10-27,Business,"1322 E 11th St, Siler City, NC, 27344, United States",home/office,3.5,Business,0.7,2.45,0.0,0.0,🐎,Start: 13:29 · MileIQ
2025-10-27,Business,home/office,"3804 Amber Way Cir SW, Roanoke, VA, 24018, United States",139.7,Business,0.7,97.79,0.0,0.0,🐎,Start: 15:16 · MileIQ
2025-10-27,Business,"3804 Amber Way Cir SW, Roanoke, VA, 24018, United States",home/office,140.6,Business,0.7,98.42,0.0,0.0,🐎,Start: 19:22 · MileIQ
2025-10-28,Business,home/office,home/office,2.5,Business,0.7,1.75,0.0,0.0,🐎,Start: 15:27 · MileIQ
2025-10-28,Meeting,home/office,"910 S Holden Rd, Greensboro, NC, Hewitt Area, 27407, United States",36.5,Business,0.7,25.55,0.0,0.0,🐎,Start: 18:23 · MileIQ
2025-10-28,Business,"910 S Holden Rd, Greensboro, NC, Hewitt Area, 27407, United States","2211 W Meadowview Rd, Greensboro, NC, 27407, United States",1.1,Business,0.7,0.77,0.0,0.0,🐎,Start: 22:33 · MileIQ
2025-10-28,Business,"3028 W Gate City Blvd, Greensboro, NC, 27403, United States",home/office,36.3,Business,0.7,25.41,0.0,0.0,🐎,Start: 22:53 · MileIQ
2025-10-29,Business,home/office,"US-64, Siler City, NC, 27344, United States",7.6,Business,0.7,5.32,0.0,0.0,🐎,Start: 13:54 · MileIQ
2025-10-29,Business,"150 Walmart Supercenter, Siler City, NC, 27344, United States",home/office,5.7,Business,0.7,3.99,0.0,0.0,🐎,Start: 14:52 · MileIQ
2025-10-29,Business,"53 John Emerson Rd, Siler City, NC, 27344, United States","364 Queens Way, Randleman, NC, 27317, United States",23.3,Business,0.7,16.31,0.0,0.0,🐎,Start: 16:23 · MileIQ
2025-10-29,Business,"364 Queens Way, Randleman, NC, 27317, United States","1019 High Point St, Randleman, NC, 27317, United States",11.6,Business,0.7,8.12,0.0,0.0,🐎,Start: 19:20 · MileIQ
2025-10-29,Business,"1021 High Point St, Randleman, NC, 27317, United States","367 Queens Way, Randleman, NC, 27317, United States",4.1,Business,0.7,2.87,0.0,0.0,🐎,Start: 20:29 · MileIQ
2025-10-30,Business,"4603 Old Greensboro Rd, Randleman, NC, 27317, United States",home/office,23.1,Business,0.7,16.17,0.0,0.0,🐎,Start: 13:47 · MileIQ
2025-10-30,Business,home/office,"4805 W Market St, Greensboro, NC, 27407, United States",42.8,Business,0.7,29.96,0.0,0.0,🐎,Start: 16:44 · MileIQ
2025-10-30,Business,"910 S Holden Rd, Greensboro, NC, Hewitt Area, 27407, United States","1782 W 3rd St, Siler City, NC, 27344, United States",36.9,Business,0.7,25.83,0.0,0.0,🐎,Start: 23:44 · MileIQ
2025-10-31,Business,home/office,"1320 E 11th St, Siler City, NC, 27344, United States",4.2,Business,0.7,2.94,0.0,0.0,🐎,Start: 06:55 · MileIQ
2025-10-31,vehicle maintenance,"1322 E 11th St, Siler City, NC, 27344, United States",home/office,2.7,Business,0.7,1.89,0.0,0.0,🐎,Start: 07:20 · MileIQ
2025-10-31,Business,"1320 E 11th St, Siler City, NC, 27344, United States","112 Walmart Supercenter, Siler City, NC, 27344, United States",8.3,Business,0.7,5.81,0.0,0.0,🐎,Start: 11:54 · MileIQ
2025-10-31,Business,"111 Walmart Supercenter, Siler City, NC, 27344, United States","121 Lowes Dr, Pittsboro, NC, 27312, United States",18.9,Business,0.7,13.23,0.0,0.0,🐎,Start: 12:53 · MileIQ
2025-10-31,Business,"121 Lowes Dr, Pittsboro, NC, 27312, United States",home/office,19.6,Business,0.7,13.72,0.0,0.0,🐎,Start: 13:37 · MileIQ
2025-11-03,Business,home/office,"150 Walmart Supercenter, Siler City, NC, 27344, United States",4.1,Business,0.7,2.87,0.0,0.0,🐎,Start: 16:59 · MileIQ
2025-11-03,Business,"150 Walmart Supercenter, Siler City, NC, 27344, United States",home/office,5.5,Business,0.7,3.85,0.0,0.0,🐎,Start: 17:53 · MileIQ
2025-11-04,Business,"671 Ellington Rd, Siler City, NC, 27344, United States","3021 Spring Garden St, Greensboro, NC, Hewitt Area, 27403, United States",37.5,Business,0.7,26.25,0.0,0.0,🐎,Start: 18:17 · MileIQ
2025-11-04,Business,"910 S Holden Rd, Greensboro, NC, Hewitt Area, 27407, United States",home/office,41.2,Business,0.7,28.84,0.0,0.0,🐎,Start: 21:22 · MileIQ
2025-11-05,Business,home/office,"4222 NC 42, Asheboro, NC, 27205, United States",17.6,Business,0.7,12.32,0.0,0.0,🐎,Start: 09:00 · MileIQ
2025-11-05,Business,"4222 NC 42, Asheboro, NC, 27205, United States","801 NC-66, Kernersville, NC, 27284, United States",53.4,Business,0.7,37.38,0.0,0.0,🐎,Start: 09:51 · MileIQ
2025-11-05,Business,"725 NC-66, Kernersville, NC, 27284, United States","4222 NC 42, Asheboro, NC, 27205, United States",50.9,Business,0.7,35.63,0.0,0.0,🐎,Start: 11:10 · MileIQ
2025-11-05,Business,"4222 NC 42, Asheboro, NC, 27205, United States",home/office,18.5,Business,0.7,12.95,0.0,0.0,🐎,Start: 12:47 · MileIQ
2025-11-05,Business,"1754 W 3rd St, Siler City, NC, 27344, United States","4816 Woody Mill Rd, Greensboro, NC, 27406, United States",31.3,Business,0.7,21.91,0.0,0.0,🐎,Start: 13:29 · MileIQ
2025-11-05,Business,"123 NC-62, Randleman, NC, 27317, United States","4222 NC 42, Asheboro, NC, 27205, United States",29.3,Business,0.7,20.51,0.0,0.0,🐎,Start: 14:35 · MileIQ
2025-11-05,Business,"4222 NC 42, Asheboro, NC, 27205, United States",home/office,18.6,Business,0.7,13.02,0.0,0.0,🐎,Start: 15:41 · MileIQ
2025-11-06,Business,"1118 W 3rd St, Siler City, NC, 27344, United States","235 Chatham Sq, Siler City, NC, 27344, United States",3.7,Business,0.7,2.59,0.0,0.0,🐎,Start: 13:33 · MileIQ
2025-11-06,Business,"235 Chatham Sq, Siler City, NC, 27344, United States","101 S Chimney Rock Rd, Greensboro, NC, 27409, United States",42.5,Business,0.7,29.75,0.0,0.0,🐎,Start: 13:51 · MileIQ
2025-11-06,Business,"101 S Chimney Rock Rd, Greensboro, NC, 27409, United States","5932 US-311, Sophia, NC, 27350, United States",26.3,Business,0.7,18.41,0.0,0.0,🐎,Start: 14:41 · MileIQ
2025-11-06,Business,"5932 US-311, Sophia, NC, 27350, United States","367 Queens Way, Randleman, NC, 27317, United States",6.9,Business,0.7,4.83,0.0,0.0,🐎,Start: 16:37 · MileIQ
2025-11-06,Business,"367 Queens Way, Randleman, NC, 27317, United States","910 S Holden Rd, Greensboro, NC, Hewitt Area, 27407, United States",21.3,Business,0.7,14.91,0.0,0.0,🐎,Start: 17:58 · MileIQ
2025-11-07,Business,"910 S Holden Rd, Greensboro, NC, Hewitt Area, 27407, United States",home/office,37.5,Business,0.7,26.25,0.0,0.0,🐎,Start: 00:09 · MileIQ
2025-11-11,Business,home/office,"215 Cedar Lodge Rd, Thomasville, NC, 27360, United States",53.5,Business,0.7,37.45,0.0,0.0,🐎,Start: 15:49 · MileIQ
2025-11-11,Business,"215 Cedar Lodge Rd, Thomasville, NC, 27360, United States","3802 S Holden Rd, Greensboro, NC, 27406, United States",19.0,Business,0.7,13.3,0.0,0.0,🐎,Start: 17:38 · MileIQ
2025-11-11,Business,"3802 S Holden Rd, Greensboro, NC, 27406, United States","900 S Holden Rd, Greensboro, NC, Hewitt Area, 27407, United States",4.6,Business,0.7,3.22,0.0,0.0,🐎,Start: 18:20 · MileIQ
2025-11-11,Business,"910 S Holden Rd, Greensboro, NC, Hewitt Area, 27407, United States",home/office,38.8,Business,0.7,27.16,0.0,0.0,🐎,Start: 22:54 · MileIQ
2025-11-12,Business,home/office,"215 Cedar Lodge Rd, Thomasville, NC, 27360, United States",73.7,Business,0.7,51.59,0.0,0.0,🐎,Start: 11:55 · MileIQ
2025-11-12,Business,"215 Cedar Lodge Rd, Thomasville, NC, 27360, United States","5932 US-311, Sophia, NC, 27350, United States",17.1,Business,0.7,11.97,0.0,0.0,🐎,Start: 14:38 · MileIQ
2025-11-12,Business,"5932 US-311, Sophia, NC, 27350, United States","1006 S Main St, Randleman, NC, 27317, United States",3.8,Business,0.7,2.66,0.0,0.0,🐎,Start: 15:20 · MileIQ
2025-11-12,Business,"1006 S Main St, Randleman, NC, 27317, United States","5932 US-311, Sophia, NC, 27350, United States",3.7,Business,0.7,2.59,0.0,0.0,🐎,Start: 16:03 · MileIQ
2025-11-12,Business,"5932 US-311, Sophia, NC, 27350, United States","367 Queens Way, Randleman, NC, 27317, United States",6.9,Business,0.7,4.83,0.0,0.0,🐎,Start: 16:33 · MileIQ
2025-11-12,Business,"367 Queens Way, Randleman, NC, 27317, United States",home/office,24.2,Business,0.7,16.94,0.0,0.0,🐎,Start: 20:32 · MileIQ
2025-11-13,Business,home/office,"215 Cedar Lodge Rd, Thomasville, NC, 27360, United States",50.1,Business,0.7,35.07,0.0,0.0,🐎,Start: 12:33 · MileIQ
2025-11-13,Business,"1115 Randolph St, Thomasville, NC, 27360, United States","1115 Randolph St, Thomasville, NC, 27360, United States",1.7,Business,0.7,1.19,0.0,0.0,🐎,Start: 13:47 · MileIQ
2025-11-13,Business,"1115 Randolph St, Thomasville, NC, 27360, United States",home/office,50.4,Business,0.7,35.28,0.0,0.0,🐎,Start: 13:52 · MileIQ
2025-11-13,Business,home/office,high falls oil,62.8,Business,0.7,43.96,0.0,0.0,🐎,Start: 15:28 · MileIQ
2025-11-13,Business,"109 Bonita Dr, Greensboro, NC, 27405, United States","3113 Collier Dr, Greensboro, NC, Lindley Park, 27403, United States",11.4,Business,0.7,7.98,0.0,0.0,🐎,Start: 17:57 · MileIQ
2025-11-13,Business,"910 S Holden Rd, Greensboro, NC, Hewitt Area, 27407, United States",home/office,36.8,Business,0.7,25.76,0.0,0.0,🐎,Start: 23:41 · MileIQ
2025-11-14,Business,home/office,high falls oil,35.8,Business,0.7,25.06,0.0,0.0,🐎,Start: 11:36 · MileIQ
2025-11-14,Business,high falls oil,home/office,37.6,Business,0.7,26.32,0.0,0.0,🐎,Start: 14:02 · MileIQ
2025-11-14,Business,home/office,high falls oil,37.6,Business,0.7,26.32,0.0,0.0,🐎,Start: 15:23 · MileIQ
2025-11-14,Business,high falls oil,home/office,36.0,Business,0.7,25.2,0.0,0.0,🐎,Start: 16:45 · MileIQ
2025-11-14,Business,home/office,home/office,5.9,Business,0.7,4.13,0.0,0.0,🐎,Start: 18:29 · MileIQ
2025-11-17,Business,home/office,"1732 Battleground Ave, Greensboro, NC, Old Irving Park, 27408, United States",36.2,Business,0.7,25.34,0.0,0.0,🐎,Start: 08:05 · MileIQ
2025-11-17,Business,"1700 Benjamin Pkwy, Greensboro, NC, Guilford Hills, 27408, United States","903 Meade Dr, Greensboro, NC, Hamilton Hills, 27410, United States",5.5,Business,0.7,3.85,0.0,0.0,🐎,Start: 08:55 · MileIQ
2025-11-17,Business,"916 Meade Dr, Greensboro, NC, Hamilton Hills, 27410, United States","776 W Dixie Dr, Asheboro, NC, 27205, United States",41.7,Business,0.7,29.19,0.0,0.0,🐎,Start: 10:10 · MileIQ
2025-11-17,Business,"776 W Dixie Dr, Asheboro, NC, 27205, United States",home/office,21.5,Business,0.7,15.05,0.0,0.0,🐎,Start: 11:03 · MileIQ
2025-11-18,Business,home/office,"605 E 3rd St, Siler City, NC, 27344, United States",2.0,Business,0.7,1.4,0.0,0.0,🐎,Start: 10:30 · MileIQ
2025-11-18,Business,"608 E 3rd St, Siler City, NC, 27344, United States","916 Meade Dr, Greensboro, NC, Hamilton Hills, 27410, United States",44.7,Business,0.7,31.29,0.0,0.0,🐎,Start: 10:48 · MileIQ
2025-11-18,Business,"916 Meade Dr, Greensboro, NC, Hamilton Hills, 27410, United States","6930 W Market St, Greensboro, NC, 27409, United States",4.3,Business,0.7,3.01,0.0,0.0,🐎,Start: 13:29 · MileIQ
2025-11-18,Business,"6930 W Market St, Greensboro, NC, 27409, United States",high falls oil,18.1,Business,0.7,12.67,0.0,0.0,🐎,Start: 13:51 · MileIQ
2025-11-18,Business,high falls oil,"1426 E 11th St, Siler City, NC, 27344, United States",36.5,Business,0.7,25.55,0.0,0.0,🐎,Start: 14:53 · MileIQ
2025-11-18,Business,"702 E 3rd St, Siler City, NC, 27344, United States",home/office,2.1,Business,0.7,1.47,0.0,0.0,🐎,Start: 15:29 · MileIQ
2025-11-18,Meeting,home/office,"900 S Holden Rd, Greensboro, NC, Hewitt Area, 27407, United States",36.0,Business,0.7,25.2,0.0,0.0,🐎,Start: 17:46 · MileIQ
2025-11-18,Business,"910 S Holden Rd, Greensboro, NC, Hewitt Area, 27407, United States",home/office,36.3,Business,0.7,25.41,0.0,0.0,🐎,Start: 23:03 · MileIQ
2025-11-19,Business,home/office,"1671 W 3rd St, Siler City, NC, 27344, United States",2.4,Business,0.7,1.68,0.0,0.0,🐎,Start: 17:28 · MileIQ
2025-11-20,Business,home/office,"367 Queens Way, Randleman, NC, 27317, United States",106.6,Business,0.7,74.62,0.0,0.0,🐎,Start: 12:40 · MileIQ
2025-11-20,Business,"367 Queens Way, Randleman, NC, 27317, United States",home/office,24.4,Business,0.7,17.08,0.0,0.0,🐎,Start: 16:10 · MileIQ
2025-11-20,Business,home/office,"3113 Collier Dr, Greensboro, NC, Lindley Park, 27403, United States",36.3,Business,0.7,25.41,0.0,0.0,🐎,Start: 17:55 · MileIQ
2025-11-20,Business,"910 S Holden Rd, Greensboro, NC, Hewitt Area, 27407, United States",home/office,36.3,Business,0.7,25.41,0.0,0.0,🐎,Start: 21:11 · MileIQ
2025-11-26,Business,home/office,"325 Walmart Supercenter, Siler City, NC, 27344, United States",3.8,Business,0.7,2.66,0.0,0.0,🐎,Start: 20:40 · MileIQ
2025-11-26,Business,"112 Walmart Supercenter, Siler City, NC, 27344, United States",home/office,4.0,Business,0.7,2.8,0.0,0.0,🐎,Start: 21:19 · MileIQ
2025-11-26,Business,home/office,"300 Walmart Supercenter, Siler City, NC, 27344, United States",3.7,Business,0.7,2.59,0.0,0.0,🐎,Start: 21:33 · MileIQ
2025-11-26,Business,"112 Walmart Supercenter, Siler City, NC, 27344, United States",home/office,4.0,Business,0.7,2.8,0.0,0.0,🐎,Start: 22:04 · MileIQ
2025-11-26,Business,home/office,"150 Walmart Supercenter, Siler City, NC, 27344, United States",3.8,Business,0.7,2.66,0.0,0.0,🐎,Start: 22:30 · MileIQ
2025-11-26,Business,"1520 E 11th St, Siler City, NC, 27344, United States",home/office,2.9,Business,0.7,2.03,0.0,0.0,🐎,Start: 22:48 · MileIQ
2025-11-27,Business,home/office,"111 Walmart Supercenter, Siler City, NC, 27344, United States",6.7,Business,0.7,4.69,0.0,0.0,🐎,Start: 16:26 · MileIQ
2025-11-27,Business,"109 Walmart Supercenter, Siler City, NC, 27344, United States",home/office,3.9,Business,0.7,2.73,0.0,0.0,🐎,Start: 16:59 · MileIQ
2025-11-28,Business,home/office,home/office,2.5,Business,0.7,1.75,0.0,0.0,🐎,Start: 14:38 · MileIQ
2025-11-29,investor meetings and relations,home/office,"2089 US-220, Stokesdale, NC, 27357, United States",59.4,Business,0.7,41.58,0.0,0.0,🐎,Start: 14:17 · MileIQ
2025-11-29,solicitation,"2089 US-220, Stokesdale, NC, 27357, United States","2210 Electric Rd, Roanoke, VA, 24018, United States",80.8,Business,0.7,56.56,0.0,0.0,🐎,Start: 15:11 · MileIQ
2025-11-29,investor meetings and relations,"4426 Grandin Rd SW, Cave Spring, VA, 24018, United States",home/office,142.0,Business,0.7,99.4,0.0,0.0,🐎,Start: 18:42 · MileIQ
2025-11-30,Errand/Supplies,home/office,"1671 W 3rd St, Siler City, NC, 27344, United States",2.4,Business,0.7,1.68,0.0,0.0,🐎,Start: 13:05 · MileIQ
2025-12-01,Business,home/office,"10203 S Main St, Archdale, NC, 27263, United States",56.0,Business,0.7,39.2,0.0,0.0,🐎,Start: 12:33 · MileIQ
2025-12-01,Business,"10203 S Main St, Archdale, NC, 27263, United States","1025 Randolph St, Thomasville, NC, 27360, United States",8.2,Business,0.7,5.74,0.0,0.0,🐎,Start: 13:44 · MileIQ
2025-12-01,Business,"1036 Randolph St, Thomasville, NC, 27360, United States","701 N 2nd Ave, Siler City, NC, 27344, United States",48.6,Business,0.7,34.02,0.0,0.0,🐎,Start: 16:08 · MileIQ
2025-12-01,Business,"610 N 2nd Ave, Siler City, NC, 27344, United States",home/office,4.4,Business,0.7,3.08,0.0,0.0,🐎,Start: 17:08 · MileIQ
2025-12-02,Business,"1958 W 3rd St, Siler City, NC, 27344, United States","910 S Holden Rd, Greensboro, NC, Hewitt Area, 27407, United States",38.1,Business,0.7,26.67,0.0,0.0,🐎,Start: 18:02 · MileIQ
2025-12-03,Business,"910 S Holden Rd, Greensboro, NC, Hewitt Area, 27407, United States",home/office,38.0,Business,0.7,26.6,0.0,0.0,🐎,Start: 00:21 · MileIQ
2025-12-03,Business,home/office,home/office,2.5,Business,0.7,1.75,0.0,0.0,🐎,Start: 16:37 · MileIQ
2025-12-04,Meeting,home/office,"910 S Holden Rd, Greensboro, NC, Hewitt Area, 27407, United States",36.5,Business,0.7,25.55,0.0,0.0,🐎,Start: 17:55 · MileIQ
2025-12-05,Business,"2403 W Meadowview Rd, Greensboro, NC, 27407, United States",home/office,35.5,Business,0.7,24.85,0.0,0.0,🐎,Start: 00:33 · MileIQ
2025-12-05,Business,"1612 W 3rd St, Siler City, NC, 27344, United States","910 S Holden Rd, Greensboro, NC, Hewitt Area, 27407, United States",48.6,Business,0.7,34.02,0.0,0.0,🐎,Start: 19:01 · MileIQ
2025-12-06,Business,"910 S Holden Rd, Greensboro, NC, Hewitt Area, 27407, United States","6471 Bethel Church Rd, Gibsonville, NC, 27249, United States",18.1,Business,0.7,12.67,0.0,0.0,🐎,Start: 01:13 · MileIQ
2025-12-06,Business,"301 Sedalia Rd, Gibsonville, NC, 27249, United States",home/office,40.4,Business,0.7,28.28,0.0,0.0,🐎,Start: 10:03 · MileIQ
2025-12-08,Business,home/office,"5932 US-311, Sophia, NC, 27350, United States",52.5,Business,0.7,36.75,0.0,0.0,🐎,Start: 12:45 · MileIQ
2025-12-08,Business,"5932 US-311, Sophia, NC, 27350, United States","701 N 2nd Ave, Siler City, NC, 27344, United States",30.0,Business,0.7,21.0,0.0,0.0,🐎,Start: 15:12 · MileIQ
2025-12-08,Business,"610 N 2nd Ave, Siler City, NC, 27344, United States",home/office,1.9,Business,0.7,1.33,0.0,0.0,🐎,Start: 16:04 · MileIQ
2025-12-09,Business,home/office,"1322 E 11th St, Siler City, NC, 27344, United States",2.7,Business,0.7,1.89,0.0,0.0,🐎,Start: 19:41 · MileIQ
2025-12-09,vehicle maintenance,"1322 E 11th St, Siler City, NC, 27344, United States",home/office,2.7,Business,0.7,1.89,0.0,0.0,🐎,Start: 20:07 · MileIQ
2025-12-11,Business,"720 W 3rd St, Siler City, NC, 27344, United States",home/office,3.5,Business,0.7,2.45,0.0,0.0,🐎,Start: 09:46 · MileIQ
2025-12-11,Business,home/office,high falls oil,40.2,Business,0.7,28.14,0.0,0.0,🐎,Start: 13:34 · MileIQ
2025-12-11,Business,high falls oil,"6908 W Market St, Greensboro, NC, 27409, United States",19.5,Business,0.7,13.65,0.0,0.0,🐎,Start: 14:46 · MileIQ
2025-12-11,Business,"6814 W Market St, Greensboro, NC, 27409, United States","3802 S Holden Rd, Greensboro, NC, 27406, United States",10.5,Business,0.7,7.35,0.0,0.0,🐎,Start: 15:23 · MileIQ
2025-12-11,Business,"3802 S Holden Rd, Greensboro, NC, 27406, United States","3227 S Holden Rd, Greensboro, NC, 27407, United States",1.6,Business,0.7,1.12,0.0,0.0,🐎,Start: 16:56 · MileIQ
2025-12-11,Business,"3227 S Holden Rd, Greensboro, NC, 27407, United States","910 S Holden Rd, Greensboro, NC, Hewitt Area, 27407, United States",3.2,Business,0.7,2.24,0.0,0.0,🐎,Start: 17:16 · MileIQ
2025-12-12,Business,"910 S Holden Rd, Greensboro, NC, Hewitt Area, 27407, United States","6509 Bethel Church Rd, Gibsonville, NC, 27249, United States",18.3,Business,0.7,12.81,0.0,0.0,🐎,Start: 00:02 · MileIQ
2025-12-12,Business,"6509 Bethel Church Rd, Gibsonville, NC, 27249, United States",high falls oil,31.4,Business,0.7,21.98,0.0,0.0,🐎,Start: 09:52 · MileIQ
2025-12-12,Business,high falls oil,home/office,36.0,Business,0.7,25.2,0.0,0.0,🐎,Start: 11:20 · MileIQ
2025-12-12,Business,home/office,"1523 E 11th St, Siler City, NC, 27344, United States",3.0,Business,0.7,2.1,0.0,0.0,🐎,Start: 18:15 · MileIQ
2025-12-12,Business,"1605 E 11th St, Siler City, NC, 27344, United States",home/office,5.2,Business,0.7,3.64,0.0,0.0,🐎,Start: 18:41 · MileIQ
2025-12-15,Business,home/office,"776 W Dixie Dr, Asheboro, NC, 27205, United States",20.6,Business,0.7,14.42,0.0,0.0,🐎,Start: 11:27 · MileIQ
2025-12-15,Business,"1529 U.S. Hwy 64 W, Asheboro, NC, 27205, United States","107 Fleer Rd, Thomasville, NC, 27360, United States",24.1,Business,0.7,16.87,0.0,0.0,🐎,Start: 12:27 · MileIQ
2025-12-15,Business,"215 Cedar Lodge Rd, Thomasville, NC, 27360, United States","1309 S Main St, Lexington, NC, 27292, United States",12.2,Business,0.7,8.54,0.0,0.0,🐎,Start: 13:07 · MileIQ
2025-12-15,Business,"1400 S Main St, Lexington, NC, 27292, United States","1000 Meade Dr, Greensboro, NC, Hamilton Hills, 27410, United States",39.1,Business,0.7,27.37,0.0,0.0,🐎,Start: 13:48 · MileIQ
2025-12-15,Business,"916 Meade Dr, Greensboro, NC, Hamilton Hills, 27410, United States","5031 Old Greensboro Rd, Randleman, NC, 27317, United States",25.5,Business,0.7,17.85,0.0,0.0,🐎,Start: 15:02 · MileIQ
2025-12-15,Business,"367 Queens Way, Randleman, NC, 27317, United States",home/office,24.9,Business,0.7,17.43,0.0,0.0,🐎,Start: 17:55 · MileIQ
2025-12-17,Business,home/office,"1400 NC-66, Kernersville, NC, 27284, United States",58.4,Business,0.7,40.88,0.0,0.0,🐎,Start: 12:29 · MileIQ
2025-12-17,Business,"1400 NC-66, Kernersville, NC, 27284, United States",high falls oil,25.6,Business,0.7,17.92,0.0,0.0,🐎,Start: 14:04 · MileIQ
2025-12-17,Business,high falls oil,"US-421, Siler City, NC, 27344, United States",41.6,Business,0.7,29.12,0.0,0.0,🐎,Start: 15:10 · MileIQ
2025-12-17,Business,"14215 US-64, Siler City, NC, 27344, United States",home/office,5.0,Business,0.7,3.5,0.0,0.0,🐎,Start: 16:48 · MileIQ
2025-12-18,Business,home/office,"2651 Randleman Rd, Greensboro, NC, 27406, United States",34.5,Business,0.7,24.15,0.0,0.0,🐎,Start: 11:39 · MileIQ
2025-12-18,Business,"2651 Randleman Rd, Greensboro, NC, 27406, United States","364 Queens Way, Randleman, NC, 27317, United States",19.7,Business,0.7,13.79,0.0,0.0,🐎,Start: 14:06 · MileIQ
2025-12-18,Business,"423 Queens Way, Randleman, NC, 27317, United States",home/office,23.7,Business,0.7,16.59,0.0,0.0,🐎,Start: 16:19 · MileIQ
2025-12-18,Business,"1205 W 3rd St, Siler City, NC, 27344, United States","910 S Holden Rd, Greensboro, NC, Hewitt Area, 27407, United States",38.5,Business,0.7,26.95,0.0,0.0,🐎,Start: 17:49 · MileIQ
2025-12-19,Business,"910 S Holden Rd, Greensboro, NC, Hewitt Area, 27407, United States","6407 Monnett Rd, Climax, NC, 27233, United States",16.2,Business,0.7,11.34,0.0,0.0,🐎,Start: 00:07 · MileIQ
2025-12-19,Business,"6407 Monnett Rd, Climax, NC, 27233, United States","1754 W 3rd St, Siler City, NC, 27344, United States",21.3,Business,0.7,14.91,0.0,0.0,🐎,Start: 00:26 · MileIQ
2025-12-19,Business,home/office,"1322 E 11th St, Siler City, NC, 27344, United States",2.6,Business,0.7,1.82,0.0,0.0,🐎,Start: 15:52 · MileIQ
2025-12-19,Business,"1322 E 11th St, Siler City, NC, 27344, United States",high falls oil,36.6,Business,0.7,25.62,0.0,0.0,🐎,Start: 16:56 · MileIQ
2025-12-19,Business,high falls oil,"109 W Elmsley Dr, Greensboro, NC, 27406, United States",12.0,Business,0.7,8.4,0.0,0.0,🐎,Start: 18:10 · MileIQ
2025-12-19,Business,"109 W Elmsley Dr, Greensboro, NC, 27406, United States",home/office,30.6,Business,0.7,21.42,0.0,0.0,🐎,Start: 19:29 · MileIQ
2025-12-20,Business,home/office,"207 Chatham Sq, Siler City, NC, 27344, United States",3.5,Business,0.7,2.45,0.0,0.0,🐎,Start: 18:15 · MileIQ
2025-12-20,Business,"1605 E 11th St, Siler City, NC, 27344, United States","507 W 3rd St, Siler City, NC, 27344, United States",3.0,Business,0.7,2.1,0.0,0.0,🐎,Start: 19:21 · MileIQ
2025-12-20,Business,"507 W 3rd St, Siler City, NC, 27344, United States",home/office,1.1,Business,0.7,0.77,0.0,0.0,🐎,Start: 19:39 · MileIQ
2025-12-21,Business,"1108 W 3rd St, Siler City, NC, 27344, United States","1401 E 11th St, Siler City, NC, 27344, United States",3.4,Business,0.7,2.38,0.0,0.0,🐎,Start: 12:30 · MileIQ
2025-12-21,Business,"1401 E 11th St, Siler City, NC, 27344, United States",home/office,4.2,Business,0.7,2.94,0.0,0.0,🐎,Start: 12:47 · MileIQ
2025-12-21,Business,home/office,home/office,3.9,Business,0.7,2.73,0.0,0.0,🐎,Start: 15:25 · MileIQ
2025-12-21,Business,"107 Miss Jane Way, Siler City, NC, 27344, United States",high falls oil,35.2,Business,0.7,24.64,0.0,0.0,🐎,Start: 16:30 · MileIQ
2025-12-21,Business,"4400 Burlington Rd, Greensboro, NC, 27405, United States","6770 Jordan Rd, Ramseur, NC, 27316, United States",31.9,Business,0.7,22.33,0.0,0.0,🐎,Start: 17:20 · MileIQ
2025-12-21,service call,"1435 NC-22, Ramseur, NC, 27316, United States",home/office,23.8,Business,0.7,16.66,0.0,0.0,🐎,Start: 18:09 · MileIQ
2025-12-22,Business,home/office,"300 Walmart Supercenter, Siler City, NC, 27344, United States",3.8,Business,0.7,2.66,0.0,0.0,🐎,Start: 12:38 · MileIQ
2025-12-22,Business,"320 W 11th St, Siler City, NC, 27344, United States",home/office,7.6,Business,0.7,5.32,0.0,0.0,🐎,Start: 13:15 · MileIQ
2025-12-22,Business,home/office,home/office,6.2,Business,0.7,4.34,0.0,0.0,🐎,Start: 17:00 · MileIQ
2025-12-23,Business,home/office,"1605 E 11th St, Siler City, NC, 27344, United States",3.1,Business,0.7,2.17,0.0,0.0,🐎,Start: 15:18 · MileIQ
2025-12-23,Business,"1605 E 11th St, Siler City, NC, 27344, United States",home/office,3.2,Business,0.7,2.24,0.0,0.0,🐎,Start: 15:42 · MileIQ
2025-12-24,Business,home/office,"5932 US-311, Sophia, NC, 27350, United States",29.0,Business,0.7,20.3,0.0,0.0,🐎,Start: 11:20 · MileIQ
2025-12-24,Business,"4516 Branson Davis Rd, Sophia, NC, 27350, United States",home/office,28.8,Business,0.7,20.16,0.0,0.0,🐎,Start: 12:05 · MileIQ
2025-12-24,Business,home/office,"8567 Linwood-Southmont Rd, Lexington, NC, 27292, United States",78.2,Business,0.7,54.74,0.0,0.0,🐎,Start: 15:55 · MileIQ
2025-12-24,Business,"194 Red Barn Rd, Lexington, NC, 27292, United States","2821 Cunningham Rd, Thomasville, NC, 27360, United States",17.6,Business,0.7,12.32,0.0,0.0,🐎,Start: 18:23 · MileIQ
2025-12-30,Business,home/office,"1605 E 11th St, Siler City, NC, 27344, United States",3.1,Business,0.7,2.17,0.0,0.0,🐎,Start: 10:54 · MileIQ
2025-12-30,Business,"1605 E 11th St, Siler City, NC, 27344, United States",home/office,3.9,Business,0.7,2.73,0.0,0.0,🐎,Start: 11:23 · MileIQ
